link,name,price,rating,review
www.amazon.com/PlayStation-4-Console-1TB-Slim/dp/B074LRF639?dchild=1,PlayStation 4 Console - 1TB Slim Edition,$379.89,4.8 out of 5 stars,"3,758"
www.amazon.com/PlayStation-Console-Light-System-Greatest-4/dp/B077QT6K94?dchild=1,"SONY PlayStation 4 Slim 1TB Console, Light & Slim PS4 System, 1TB Hard Drive, All the Greatest Games, TV, Music & More",$375.00,4.7 out of 5 stars,512
www.amazon.com/NexiGo-Playstation-Console-Controller-Charging/dp/B08QHG53MP?dchild=1,NexiGo 2020 Newest Playstation 4 PS4 Slim Console Holiday Bundle 1TB HDD PS4 Controller Charging Station 4K HDMI Cable Bundle 5FT,$549.00,4.5 out of 5 stars,146
www.amazon.com/Sony-PlayStation-Pro-1TB-Console-4/dp/B07K14XKZH?dchild=1,Sony PlayStation 4 Pro 1TB Console - Black (PS4 Pro),$629.00,4.7 out of 5 stars,"2,803"
www.amazon.com/PlayStation-4-Slim-500GB-Console-Discontinued/dp/B01M0RU6LY?dchild=1,PlayStation 4 Slim 500GB Console [Discontinued],$382.00,4.6 out of 5 stars,"1,269"
www.amazon.com/Sony-Playstation-Console-DualShock-Controller/dp/B08QJSHMMN?dchild=1,Sony Playstation 4 Console - 1TB Slim Edition Jet Black - with 1 DualShock 4 Wireless Controller - Family Holiday Gaming Bundle - iPuzzle Red Reindeer Dust Cover for PS4 + 3 Feet HDMI Cable,$499.00,4.2 out of 5 stars,25
www.amazon.com/Playstation-Gaming-Console-Oydisen-Cable/dp/B08FY7PS2Y?dchild=1,2020 Playstation 4 PS4 1TB Slim Gaming Console with Oydisen HDMI Cable - Black,$499.99,4.9 out of 5 stars,12
www.amazon.com/PlayStation-Iron-Man-Star-Wars-Compatible/dp/B08KTRXC2G?dchild=1,"PlayStation VR Iron Man and Star Wars Set, Compatible with PS4 & PS5: VR Headset, Camera, Move Motion Controllers, Iron Man, Star Wars: Squadrons and Mytrix Microfiber Cleaning Cloths",$559.99,4.7 out of 5 stars,74
www.amazon.com/Sony-Playstation-Console-DualShock-Controller/dp/B08RD7HCDY?dchild=1,Sony Playstation 4 Console - 1TB Slim Edition Jet Black - with 1 DualShock 4 Wireless Controller - Family Holiday Gaming - iPuzzle 4 Colors Silicone Cover Skin Protector for PS4 + 3 Feet HDMI Cable,$499.00,4.7 out of 5 stars,4
www.amazon.com/PlayStation-Slim-1TB-Console-Spider-Man-4/dp/B07HHW8C4V?dchild=1,PlayStation 4 Slim 1TB Console - Marvel's Spider-Man Bundle [Discontinued],$397.00,4.7 out of 5 stars,"2,054"
www.amazon.com/PlayStation-500GB-Console-Model-Discontinued-4/dp/B00BGA9WK2?dchild=1,PlayStation 4 500GB Console [Old Model][Discontinued],,4.6 out of 5 stars,"12,742"
www.amazon.com/Sony-Playstation-Console-DualShock-Controller/dp/B08R8YWXY7?dchild=1,Sony Playstation 4 Console - 1TB Slim Edition Jet Black - with 1 DualShock 4 Wireless Controller - Family Christmas Holiday Gaming Bundle - iPuzzle Red Reindeer Dust Cover for PS4,$497.00,3.9 out of 5 stars,8
www.amazon.com/Holiday-Family-Bundle-Playstation-Slim/dp/B0822KN151?dchild=1,Holiday Family Bundle Sony Playstation 4 1TB Slim- Jet Black,$490.00,4.5 out of 5 stars,84
www.amazon.com/Playstation-DualShock-Wireless-Controller-Mytrix/dp/B08GPDSBF2?dchild=1,"Playstation 4 Pro 2TB Gaming Console with DualShock 4 Wireless Controller Bundle, 4K HDR PS4 Pro 2TB Storage HDD Enhanced by Mytrix",$699.99,4.7 out of 5 stars,88
www.amazon.com/Playstation-Included-Spider-Man-Ghost-Manta/dp/B0891LH1D7?dchild=1,"2020 Playstation 4 PS4 Slim 1TB Console Holiday Bundle, Light & Slim PS4 System, 1TB Hard Drive Ghost Manta Charging Station Dock Bundle",$599.00,4.7 out of 5 stars,53
www.amazon.com/NexiGo-2020-Console-Holiday-Bundle/dp/B08QJQS33T?dchild=1,NexiGo 2020 PS 4 Console Holiday Bundle 1TB HDD - PS4 Days of Play Limited Edition - Steel Black PS4 Controller Charging Station Bundle,$649.00,3.7 out of 5 stars,5
www.amazon.com/Holiday-Ultimate-Playstation-Marvels-Spider-Man/dp/B082Z7GLS1?dchild=1,Holiday Ultimate Bundle Playstation 4 1TB Slim w/bonus Marvel's Spider-Man: Game of The Year Edition,$495.00,4.7 out of 5 stars,690
www.amazon.com/PlayStation-Marvels-Iron-Man-Bundle-4/dp/B08NRGF2DL?dchild=1,PlayStation VR Marvel's Iron Man VR Bundle,$349.99,4.6 out of 5 stars,31
www.amazon.com/Cyberpunk-2077-PlayStation-4/dp/B07DJWBYKP?dchild=1,Cyberpunk 2077 - PlayStation 4,$34.94,3.6 out of 5 stars,"10,245"
www.amazon.com/Marvels-Spider-Man-Miles-Morales-playstation-4/dp/B08KSN7GF4?dchild=1,Marvel's Spider-Man: Miles Morales (PS4),$77.99,4.5 out of 5 stars,41
www.amazon.com/Danganronpa-Trilogy-PS4-playstation-4/dp/B07MHPPBQ7?dchild=1,Danganronpa Trilogy (PS4),$59.45,4.8 out of 5 stars,897
www.amazon.com/Collective-Dominator-Controller-Adapter-playstation-4/dp/B01L8QHXJA?dchild=1,Collective Minds Strike Pack F.P.S. Dominator Controller Adapter with MODS & Paddles for PS4,$37.74,4.2 out of 5 stars,"17,318"
www.amazon.com/DualShock-Wireless-Controller-PlayStation-Gold-4/dp/B071RSSMLL?dchild=1,DualShock 4 Wireless Controller for PlayStation 4 - Gold,$64.94,4.7 out of 5 stars,"86,404"
www.amazon.com/Stealth-Wireless-Gaming-Headset-PlayStation-Console/dp/B08D46V1TK?dchild=1,Turtle Beach Stealth 600 Gen 2 Wireless Gaming Headset for PlayStation 5 and PlayStation 4,$99.95,4.6 out of 5 stars,"4,066"
www.amazon.com/Marvels-Spider-Man-Miles-Morales-Launch-PlayStation/dp/B08JHVG9ZJ?dchild=1,Marvel's Spider-Man: Miles Morales Launch Edition - PlayStation 4,$49.88,4.9 out of 5 stars,"7,700"
www.amazon.com/YCCTEAM-Controller-Compatible-Upgraded-playstation-4/dp/B0872MNQVD?dchild=1,YCCTEAM Wireless Game Controller Compatible with PS4/ Slim/ Pro Console (Jet Black),$36.99,4.0 out of 5 stars,"2,027"
www.amazon.com/Gaming-Headset-Beexcellent-Headphone-Isolation/dp/B07T17YH1T?dchild=1,"PS4 Gaming Headset with Mic, Beexcellent Newest Deep Bass Stereo Sound Over Ear Headphone with Noise Isolation LED Light for PC Laptop Tablet Mac (Blue)",$25.99,4.5 out of 5 stars,"15,152"
www.amazon.com/DualShock-Wireless-Controller-PlayStation-Magma-4/dp/B01MD19OI2?dchild=1,DualShock 4 Wireless Controller for PlayStation 4 - Magma Red,$64.98,4.7 out of 5 stars,"86,405"
www.amazon.com/BEBONCOOL-Controller-DualShock-Playstation-PlayStation4/dp/B071WNWHZ7?dchild=1,"BEBONCOOL PS4 Controller Charger, Controller USB Charging Station Dock for DualShock 4, PlayStation 4 Charging Station for Sony Playstation4 / PS4 / PS4 Slim / PS4 Pro Controller-Black",$14.99,4.7 out of 5 stars,"32,171"
www.amazon.com/Controller-Playstation-Team-Joystick-Vibration/dp/B088NS6JJS?dchild=1,"Controller for Playstation 4, Y Team Controller for PS4/ Pro/Slim, Game Controller Joystick with Vibration Function, Headset Jack, 6-axis Gyro Sensor/1000mAh Battery(White)",$31.97,4.0 out of 5 stars,869
www.amazon.com/PS4-Controller-Charging-Cable-Compatible/dp/B07X6CWM3G?dchild=1,"PS4 Controller Charger Charging Cable 10ft 2 Pack Nylon Braided Extra Long Micro USB 2.0 High Speed Data Sync Cord Compatible for Playstaion 4, PS4 Slim/Pro, Xbox One S/X Controller, Android Phones",$9.99,4.6 out of 5 stars,"3,608"
www.amazon.com/Orzly-Consoles-Nintendo-Headphones-Cancelling/dp/B08HL9Y8G3?dchild=1,"Orzly Gaming Headset for PC and Gaming Consoles PS5, PS4, Xbox Series X | S, Xbox ONE, Nintendo Switch & Google Stadia Stereo Sound Headphones with Noise Cancelling mic - Hornet RXH-20 Abyss Edition",$34.99,4.3 out of 5 stars,699
www.amazon.com/Just-Dance-2021-PlayStation-4-Standard/dp/B08GQW42QK?dchild=1,Just Dance 2021 - PlayStation 4 Standard Edition,$25.00,4.8 out of 5 stars,"1,296"
www.amazon.com/Attachment-Playstation-Controller-Controllers-Gaming-Console/dp/B08R92SQXW?dchild=1,"Strike Pack for PS4, Back Button Attachment for Playstation 4, F.P.S. Dominator Controller Mod Kit , Controller Paddles,With 2 Pcs Wireless Controllers Silicone Analog Thumb Grip Stick Cover",$28.99,1.0 out of 5 stars,1
www.amazon.com/PlayStation-Store-Gift-Card-Digital/dp/B00K59HKIQ?dchild=1,$100 PlayStation Store Gift Card [Digital Code],$100.00,4.7 out of 5 stars,"125,934"
www.amazon.com/Controller-ORDA-Wireless-Playstation-Indicator/dp/B087JTLHNT?dchild=1,"Wireless Controller Compatible with Playstation 4/Pro/Slim/PC with Motion Motors and Audio Function,LED Indicator, USB Cable - University Blue",$21.99,4.1 out of 5 stars,"1,704"
www.amazon.com/PS4-Controller-DualShock-Playstation-Transparent/dp/B07MWZNSBF?dchild=1,"Game Controller for PS4,Wireless Controller for Playstation 4 with Dual Vibration Game Joystick (Blue)",$27.99,3.8 out of 5 stars,"6,162"
www.amazon.com/BEBONCOOL-Vertical-Cooling-Playstation-Controller/dp/B07RT57VXV?dchild=1,"PS4 Stand Cooling Fan for PS4 Slim / PS4 Pro / Playstation 4, PS4 Pro Stand Vertical Stand Cooler with Dual Controller Charge Station & 16 Game Storage",$22.79,4.4 out of 5 stars,"4,378"
www.amazon.com/VOYEE-Controller-Replacement-Compatible-Playstation/dp/B08N4FXHG3?dchild=1,"VOYEE Wireless Controller Replacement for PS4, Upgraded with 800 mAh Battery/Double Shock/6 Axis Compatible with Sony Playstation 4/Pro/Slim",$23.99,4.5 out of 5 stars,6
www.amazon.com/VOYEE-Replacement-Canceling-Headphone-Compatible/dp/B08LBBQQRL?dchild=1,"VOYEE Gaming Headset Replacement for Xbox/PC/PS5/PS4 Headset, Wired Noise Canceling Over Ear Headphone with Mic/Surround Sound/LED Light Compatible with Switch/PC/PS5/PS4/Xbox One/Laptop/Tablet/Mac",$20.99,4.7 out of 5 stars,40
www.amazon.com/PlayStation-Store-Gift-Card-Digital/dp/B004RMK4P8?dchild=1,$50 PlayStation Store Gift Card [Digital Code],$50.00,4.7 out of 5 stars,"125,934"
www.amazon.com/PowerA-USB-Charging-Cable-PlayStation-4/dp/B00HUXPZPK?dchild=1,PowerA USB Charging Cable for PlayStation 4,$6.99,4.6 out of 5 stars,"25,375"
www.amazon.com/Controller-Vibration-Compatible-Bluetooth-Playstation/dp/B08LGCGFGK?dchild=1,"Game Controller for PS4 (Electric Purple), Dual Vibration Compatible with Windows PC & Android OS, Wireless Bluetooth Controller for Playstation 4",$31.49,3.8 out of 5 stars,50
www.amazon.com/PlayStation-4-Slim-1TB-Console/dp/B071CV8CG2?dchild=1,PlayStation 4 Slim 1TB Console,,4.8 out of 5 stars,"10,943"
www.amazon.com/Controller-Wireless-Playstation-Vibration-Compatible-4/dp/B08M9B4QV2?dchild=1,"LITTJOY For PS4 Controller, Wireless Controller for Playstation 4,with Dual Vibration/Stereo Headset Jack/Touch Pad / Six-axis Motion Control,Compatible with PS4/Slim/Pro Console",$36.99,4.3 out of 5 stars,171
www.amazon.com/Controllers-Playstation-YU33-Controller-Works%EF%BC%882020/dp/B08KGFH48R?dchild=1,"Purple Wireless Controllers for PS4, Wireless Remote Control for Sony Playstation 4, YU33 PS4 Joystick Gamepad for PS4 Controller with Dualshock and Charging Cable, 3rd-Party Works（2020,Purple）",$26.99,4.2 out of 5 stars,187
www.amazon.com/PlayStation-4-Pro-1TB-Console/dp/B01LOP8EZC?dchild=1,PlayStation 4 Pro 1TB Console,,4.8 out of 5 stars,"10,016"
www.amazon.com/RUNMUS-Surround-Canceling-Headphones-Compatible/dp/B07FSFJNVV?dchild=1,"RUNMUS Gaming Headset for PS4, Xbox One, PC Headset w/Surround Sound, Noise Canceling Over Ear Headphones with Mic & LED Light, Compatible with PS5, PS4, Xbox One, Switch, PC, PS3, Mac, Laptop, White",$29.98,4.7 out of 5 stars,"1,031"
www.amazon.com/Sony-PlayStation-Console-3002470-Black-Renewed/dp/B079YDY7P2?dchild=1,Sony - PlayStation 4 Pro Console (3002470) Jet Black - 1TB - Renewed,,3.7 out of 5 stars,28
www.amazon.com/Dualshock-Playstation-Controller-JDM-040-Chameleon/dp/B076ZW35SQ?dchild=1,OC Gaming PS4 Dualshock Playstation 4 Controller Custom Soft Touch New Model JDM-040 (Chameleon),$89.99,4.6 out of 5 stars,"1,246"
www.amazon.com/PUNWEOS-Controller-Playstation-DualShock-Vibration/dp/B08L6P6SMH?dchild=1,"PUNWEOS Wireless PS4 Controller for Playstation 4, DualShock 4 Game Controller with Gyro/HD Dual Vibration/Touch Panel/LED Indicator Gamepad Remote Joystick for Playstation 4/Pro/Slim(Red)",$38.99,4.3 out of 5 stars,73
www.amazon.com/Call-Duty-Black-Cold-PlayStation-4/dp/B08GR4QMC9?dchild=1,Call of Duty: Black Ops Cold War (PS4),$49.94,4.6 out of 5 stars,"3,383"
www.amazon.com/XIBERIA-Microphone-Ultra-Low-Cancelling-Life%EF%BC%88Xbox/dp/B08J82VNSW?dchild=1,"XIBERIA Wireless Gaming Headset for PS4,PC with Microphone,Lossless 2.4GHz Ultra-Low Latency,Double Chamber Drivers,Noise Cancelling MIC,Long Battery Life（Xbox One in Wired Mode）",$49.99,4.2 out of 5 stars,173
www.amazon.com/Logitech-Dual-motor-Feedback-Responsive-PlayStation/dp/B00Z0UWWYC?dchild=1,"Logitech Dual-Motor Feedback Driving Force G29 Gaming Racing Wheel with Responsive Pedals for PlayStation 5, PlayStation 4 and PlayStation 3 - Black",$249.99,4.7 out of 5 stars,"12,955"
www.amazon.com/Christmas-Alpine-Green-Camo-Controller/dp/B08HYJ9TW5?dchild=1,"Christmas Alpine Green and Red Camo PS4 Controller 2 Pack - AUGEX Wireless PS4 Remote Control for Sony Playstation 4（Red Camouflage and Green Joystick PS4,2020 New）…",$51.99,4.5 out of 5 stars,282
www.amazon.com/Playstation-Move-Twin-Pack-PS4-4/dp/B079JCLPBC?dchild=1,Playstation Move Twin Pack (PS4),$139.53,4.5 out of 5 stars,"3,986"
www.amazon.com/Sony-PlayStation-Pro-1TB-Console-4/dp/B07HM8YX5X?dchild=1,Sony PlayStation 4 Pro 1TB Console - Black (PS4 Pro) (Renewed),,4.1 out of 5 stars,46
www.amazon.com/Mini-Wired-Gamepad-HORI-playstation-4/dp/B01A6MKVAA?dchild=1,PS4 Mini Wired Gamepad (Red) by HORI - Officially Licensed by Sony,$29.99,4.6 out of 5 stars,866
www.amazon.com/MLB-Show-MVP-PS4-Multi-players-Playstation/dp/B07ZLJX6CJ?dchild=1,MLB The Show 20 MVP Edition for PS4 - PS4 exclusive - ESRB Rated E (Everyone) - Sports Game - Max Number of Multi-players: 8 - Receive 4 Days Early Access,$34.99,4.8 out of 5 stars,237
www.amazon.com/Petilleur-Wireless-Bluetooth-Controller-Camouflage/dp/B08RS6BN3W?dchild=1,Petilleur PS4 Wireless Bluetooth Game Controller Ps4 Controller with Light bar (Camouflage Blue),$28.99,5.0 out of 5 stars,3
www.amazon.com/Mortal-Kombat-Christopher-Lambert/dp/B004AWV468?dchild=1,Mortal Kombat,$2.99,4.6 out of 5 stars,"2,156"
www.amazon.com/PlayStation-Store-Gift-Card-Digital/dp/B00XJZHJCA?dchild=1,$60 PlayStation Store Gift Card [Digital Code],$60.00,4.7 out of 5 stars,"125,934"
www.amazon.com/KontrolFreek-Call-Duty-Performance-Thumbsticks-PlayStation/dp/B08K977CMV?dchild=1,"KontrolFreek Call of Duty: Black Ops Cold War Performance Thumbsticks for PlayStation 4 (PS4) and PlayStation 5 (PS5) | 2 High-Rise, Convex | Black/Red",$19.99,4.4 out of 5 stars,249
www.amazon.com/Turtle-Gaming-Headset-PlayStation-Nintendo-4/dp/B07NQX1J99?dchild=1,"Turtle Beach Recon 70 Gaming Headset for PlayStation 5, PS4 Pro, PS4, Xbox One & Xbox Series X|S, Nintendo Switch, PC, and Mobile",$39.95,4.5 out of 5 stars,"40,289"
www.amazon.com/Christmas-Red-Camo-PS4-Controller/dp/B08HYQWS53?dchild=1,"Christmas Red Camo PS4 Controller - AUGEX Wireless PS4 Remote Control for Sony Playstation 4（Red Camouflage Joystick PS4,2020 New）",$28.99,4.3 out of 5 stars,109
www.amazon.com/Turtle-Beach-compatible-controller-Playstation-4/dp/B00YXO5UKY?dchild=1,"Turtle Beach Recon 50P Gaming Headset for PlayStation 5, PS4 Pro & PS4",$24.95,4.4 out of 5 stars,"15,738"
www.amazon.com/Controller-Charger-OIVO-Indicator-Playstation/dp/B07YWYXPC1?dchild=1,"PS4 Controller Charger Station, OIVO Playstation 4 Controller Charging Dock Station, Built-in 1.8H Fast-Charging Chip",$13.89,4.7 out of 5 stars,"5,927"
www.amazon.com/DualShock-Back-Button-Attachment-PlayStation-4/dp/B082VX16VJ?dchild=1,DualShock 4 Back Button Attachment - PlayStation 4,$19.96,4.6 out of 5 stars,"4,256"
www.amazon.com/Hitman-3-Guide-Amity-Esperanza-ebook/dp/B08TVTG6SV?dchild=1,Hitman 3: Guide to the game,$3.99,,
www.amazon.com/YCCTEAM-Wireless-Controller-PS4-Playstation/dp/B082QS9XHJ?dchild=1,"Controller for PS4, Wireless Controller for Playstation 4/Pro/Slim Console, Gamepad Joystick Game Controller with Dual Vibration/6-axis Gyro Sensor/Audio Function/1000mAh, Not OEM (Black)",$30.97,3.9 out of 5 stars,"1,196"
www.amazon.com/PlayStation-Store-Gift-Card-Digital/dp/B07C438TMN?dchild=1,$25 PlayStation Store Gift Card [Digital Code],$25.00,4.7 out of 5 stars,"125,934"
www.amazon.com/DualShock-Wireless-Controller-PlayStation-Sony-4/dp/B0125JFATY?dchild=1,DualShock 4 Wireless Controller for PlayStation 4 - Jet Black (Renewed),,4.0 out of 5 stars,249
www.amazon.com/Controller-Interface-Expansion-High-Speed-Transmission/dp/B08HV657ZV?dchild=1,"Ps4 Slim Hub, 4-Port USB Controller Charging Interface Expansion, USB 3.0 High-Speed Transmission Interface, Suitable for Ps4 Slim",$14.99,4.3 out of 5 stars,383
www.amazon.com/Wireless-Controller-YAEYE-Joystick-Function/dp/B08CV8LMX4?dchild=1,"Wireless Controller for PS4, YAEYE Gamepad Joystick Wireless Remote Pro Controller for PS4/PRO/SLIM with Motion Motors and Built-in Audio Function (Black)",$29.99,4.4 out of 5 stars,27
www.amazon.com/BENGOO-V-4-Controller-Cancelling-Headphones/dp/B076DWKD5B?dchild=1,"BENGOO V-4 Gaming Headset for Xbox One, PS4, PC, Controller, Noise Cancelling Over Ear Headphones with Mic, LED Light Bass Surround Soft Memory Earmuffs for PS2 Mac Nintendo 64 PS5 Games",$24.98,4.4 out of 5 stars,"18,726"
www.amazon.com/Assassins-Valhalla-PlayStation-Standard-upgrade-4/dp/B087XTT5GZ?dchild=1,Assassin’s Creed Valhalla PlayStation 4 Standard Edition with free upgrade to the digital PS5 version,$34.99,4.7 out of 5 stars,"5,382"
www.amazon.com/Wireless-Controller-Playstation-YCCTEAM-1000mAh/dp/B086YCZ5H4?dchild=1,YCCTEAM Wireless Game Controller Compatible with PS4 Console/iOS 13 /Android 10 /MAC/PC (White),$36.95,3.7 out of 5 stars,"2,578"
www.amazon.com/OIVO-Multifunctional-Vertical-Controller-Indicators/dp/B079FPFV3X?dchild=1,"OIVO PS4 Stand Cooling Fan Station for Playstation 4/PS4 Slim/PS4 Pro, PS4 Pro Vertical Stand with Dual Controller EXT Port Charger Dock Station and 12 Game Slots",$27.99,4.5 out of 5 stars,"16,426"
www.amazon.com/Petilleur-Wireless-Bluetooth-Controller-Light/dp/B08QZ69PFW?dchild=1,Petilleur PS4 Wireless Bluetooth Game Controller Ps4 Controller with Light bar (Rose Gold),$27.99,4.3 out of 5 stars,8
www.amazon.com/Madden-NFL-21-PlayStation-4/dp/B089DFJJGR?dchild=1,Madden NFL 21 – PlayStation 4 & PlayStation 5,$29.99,4.7 out of 5 stars,"6,729"
www.amazon.com/Wireless-Controller-Compatible-Console-Speaker/dp/B08LDJPQPL?dchild=1,"Wireless Game Controller Compatible with PS4/ Slim/Pro Console and Built-in Speaker,Gyro and Motor Remote - White",$26.99,4.0 out of 5 stars,54
www.amazon.com/Controller-Playstation-Vibration-Indicator-Anti-Slip/dp/B08BYGWM6Y?dchild=1,"Game Controller for PS4, Wireless Controller for Playstation 4/Pro/Slim/PC, Touch Panel Gamepad with Dual Vibration and Audio Function, LED Indicator, USB Cable and Anti-Slip",$33.68,4.2 out of 5 stars,496
www.amazon.com/Surround-Canceling-Flexible-Earmuffs-Nintendo/dp/B08CVNP9YC?dchild=1,Gaming Headset PS4 Headset Pro 7.1 Surround Sound Noise Canceling Flexible Mic with 2pcs Mic Cover RGB LED Light Memory Earmuffs for Xbox one Nintendo Switch PC,$21.99,4.7 out of 5 stars,"1,535"
www.amazon.com/PICTEK-Controller-Wireless-Vibration-Playstation/dp/B0852VFKP8?dchild=1,"PS4 Controller Wireless, PICTEK 1300mAh Controller for Playstation 4/Pro/Slim, Dual Vibration Game Controller Joystick with Headset Jack",$36.99,4.3 out of 5 stars,"2,642"
www.amazon.com/Mafia-Trilogy-PS4-playstation-4/dp/B088X7PJWF?dchild=1,Mafia Trilogy (PS4),$50.99,4.7 out of 5 stars,721
www.amazon.com/KontrolFreek-Playstation-Controller-Performance-Thumbsticks/dp/B01BCO8GLW?dchild=1,KontrolFreek FPS Freek Inferno for Playstation 4 (PS4) Controller | Performance Thumbsticks | 2 High-Rise Concave | Red,$14.99,4.5 out of 5 stars,"8,227"
www.amazon.com/Controller-Revolution-Unlimited-Playstation-Sony-4/dp/B07NDCL3XB?dchild=1,NACON Controller Esports Revolution Unlimited Pro V3 PS4 Playstation 4 / PC - Wireless/Wired - Nacon-311608,$139.94,4.0 out of 5 stars,"3,923"
www.amazon.com/Controller-Compatible-Wireless-Playstation-1000mAh/dp/B08JCK9KPV?dchild=1,"Controller Compatible with PS4, Wireless Controller for Playstation 4/Pro/Slim 1000mAh Game Controller with Dual Motor and Gyro, Built-in Speaker Audio Jack Pro Controller Non-OEM (White)",$29.99,4.2 out of 5 stars,19
www.amazon.com/Minecraft-Starter-Collection-PlayStation-4/dp/B0815VFZRL?dchild=1,Minecraft Starter Collection - PlayStation 4,$29.49,4.8 out of 5 stars,"4,411"
www.amazon.com/Flagship-Sony-Station-Playstation-Console/dp/B08232YKXB?dchild=1,"Newest Flagship Sony Play Station 4 1TB HDD Only on Playstation PS4 Console Slim Bundle - Included 3X Games (The Last of Us, God of War, Horizon Zero Dawn) 1TB Hard Drive Incredible Games -Jet Black",$493.00,4.7 out of 5 stars,822
www.amazon.com/Wireless-Controller-Playstation-JORREP-Compatible/dp/B08R5LX2M3?dchild=1,"Wireless Controller for Playstation 4, JORREP Wireless Game Controller Compatible with PS4/Pro/Slim Console",$39.99,,
www.amazon.com/Cleaning-TECKMAN-Screwdriver-Playstation-Controller/dp/B087JLL5KP?dchild=1,"Cleaning Repair Tool Kit for PS4 PS5, TECKMAN TR9 Torx Security Screwdriver with PH00 PH0 PH1 Phillips Screwdriver Set for Sony Playstation 4 & 5 Main,Controller Tear Down and Dust Removal",$9.99,4.7 out of 5 stars,"1,437"
www.amazon.com/PlayStation-VR-Marvels-Iron-Bundle-4/dp/B08CD34NZH?dchild=1,PlayStation VR - Marvel's Iron Man Bundle,,4.7 out of 5 stars,"1,600"
www.amazon.com/Controller-Customized-Connector-Playstation-Controllers/dp/B08LDV27BH?dchild=1,"PS4 Controller Charger Charging Cable, 2 Pack 10ft Extra Long Play and Charge Cable Sync Cord with Customized Micro USB Connector for Sony Playstation 4/ PS4 Slim/ PS4 Pro Controllers (ONLY Fit PS4)",$7.99,4.9 out of 5 stars,12
www.amazon.com/VANGUARD-Personal-Gaming-Environment-Consoles-Included/dp/B00H0R9DSG?dchild=1,"GAEMS VANGUARD Personal Gaming Environment for Xbox One S, Xbox One, PS4, PS3, Xbox 360 (Consoles Not Included) - Xbox One",$299.25,4.7 out of 5 stars,"1,449"
www.amazon.com/Wireless-Controller-Playstation-Y-Team-1000mAh/dp/B08FMGR7PY?dchild=1,"Wireless Controller for Playstation 4, Y-Team Game Controller for PS4 1000mAh Gamepad Remote with Dual Motor, Gyro, 3.5mm Audio Jack, Speaker, LED, USB for PS4/Pro/Slim/PC/Laptop (White)",$36.95,4.2 out of 5 stars,243
www.amazon.com/Mx-ATV-All-Out-Anniversary-PlayStation/dp/B07NLQTL4C?dchild=1,Mx Vs ATV All Out: Anniversary Edition - PS4 - PlayStation 4,$18.99,4.4 out of 5 stars,289
www.amazon.com/Wireless-Controller-YAEYE-Joystick-Function/dp/B08CV8LMX4?dchild=1,"Wireless Controller for PS4, YAEYE Gamepad Joystick Wireless Remote Pro Controller for PS4/PRO/SLIM with Motion Motors and Built-in Audio Function (Black)",$29.99,4.4 out of 5 stars,27
www.amazon.com/BENGOO-V-4-Controller-Cancelling-Headphones/dp/B076DWKD5B?dchild=1,"BENGOO V-4 Gaming Headset for Xbox One, PS4, PC, Controller, Noise Cancelling Over Ear Headphones with Mic, LED Light Bass Surround Soft Memory Earmuffs for PS2 Mac Nintendo 64 PS5 Games",$24.98,4.4 out of 5 stars,"18,726"
www.amazon.com/Star-Wars-Squadrons-PS4-playstation-4/dp/B08B6QBD53?dchild=1,Star Wars: Squadrons (PS4),$28.89,4.5 out of 5 stars,"3,207"
www.amazon.com/PICTEK-Controller-Wireless-Vibration-Playstation/dp/B0852VFKP8?dchild=1,"PS4 Controller Wireless, PICTEK 1300mAh Controller for Playstation 4/Pro/Slim, Dual Vibration Game Controller Joystick with Headset Jack",$36.99,4.3 out of 5 stars,"2,642"
www.amazon.com/Petilleur-Wireless-Bluetooth-Controller-Light/dp/B08QZ69PFW?dchild=1,Petilleur PS4 Wireless Bluetooth Game Controller Ps4 Controller with Light bar (Rose Gold),$27.99,4.3 out of 5 stars,8
www.amazon.com/Thrustmaster-Racing-PlayStation4-PlayStation3-playstation-2/dp/B014US02ZA?dchild=1,"Thrustmaster T150 RS Racing Wheel (PS4, PC) works with PS5 games",$199.99,4.4 out of 5 stars,"1,549"
www.amazon.com/Wireless-Controller-Compatible-Console-Speaker/dp/B08LDJPQPL?dchild=1,"Wireless Game Controller Compatible with PS4/ Slim/Pro Console and Built-in Speaker,Gyro and Motor Remote - White",$26.99,4.0 out of 5 stars,54
www.amazon.com/KontrolFreek-Playstation-Controller-Performance-Thumbsticks/dp/B01BCO8GLW?dchild=1,KontrolFreek FPS Freek Inferno for Playstation 4 (PS4) Controller | Performance Thumbsticks | 2 High-Rise Concave | Red,$14.99,4.5 out of 5 stars,"8,227"
www.amazon.com/Gaming-Drive-Playstation-Portable-External/dp/B07HKN92MZ?dchild=1,WD 4TB Gaming Drive works with Playstation 4 Portable External Hard Drive - WDBM1M0040BBK-WESN,$102.25,4.8 out of 5 stars,"9,358"
www.amazon.com/Controller-Compatible-Wireless-Playstation-1000mAh/dp/B08JCK9KPV?dchild=1,"Controller Compatible with PS4, Wireless Controller for Playstation 4/Pro/Slim 1000mAh Game Controller with Dual Motor and Gyro, Built-in Speaker Audio Jack Pro Controller Non-OEM (White)",$29.99,4.2 out of 5 stars,19
www.amazon.com/PlayStation-VR-Marvels-Iron-Bundle-4/dp/B08CD34NZH?dchild=1,PlayStation VR - Marvel's Iron Man Bundle,,4.7 out of 5 stars,"1,600"
www.amazon.com/Astro-Boy-Kristen-Bell/dp/B0035GX0BM?dchild=1,Astro Boy,$3.99,4.6 out of 5 stars,"2,732"
www.amazon.com/Wireless-Controller-Playstation-JORREP-Compatible/dp/B08R5LX2M3?dchild=1,"Wireless Controller for Playstation 4, JORREP Wireless Game Controller Compatible with PS4/Pro/Slim Console",$39.99,,
www.amazon.com/Playstation-Turismo-Advanced-Display-Technology/dp/B082BDJJMS?dchild=1,"Playstation VR & Gran Turismo Sport Bundle | Advanced VR Display | 3D Audio Technology | 5.7"" OLED 1080p Display | HDMI | USB (Renewed)",$459.99,4.4 out of 5 stars,77
www.amazon.com/Sony-Camera-V2-PlayStation-4/dp/B0731SXXLP?dchild=1,Sony Camera V2 for PlayStation 4,$89.96,4.6 out of 5 stars,"1,783"
www.amazon.com/Controller-Customized-Connector-Playstation-Controllers/dp/B08LDV27BH?dchild=1,"PS4 Controller Charger Charging Cable, 2 Pack 10ft Extra Long Play and Charge Cable Sync Cord with Customized Micro USB Connector for Sony Playstation 4/ PS4 Slim/ PS4 Pro Controllers (ONLY Fit PS4)",$7.99,4.9 out of 5 stars,12
www.amazon.com/Wireless-Controller-Playstation-Y-Team-1000mAh/dp/B08FMGR7PY?dchild=1,"Wireless Controller for Playstation 4, Y-Team Game Controller for PS4 1000mAh Gamepad Remote with Dual Motor, Gyro, 3.5mm Audio Jack, Speaker, LED, USB for PS4/Pro/Slim/PC/Laptop (White)",$36.95,4.2 out of 5 stars,243
www.amazon.com/Playstation-Turismo-Advanced-Display-Technology/dp/B082BDJJMS?dchild=1,"Playstation VR & Gran Turismo Sport Bundle | Advanced VR Display | 3D Audio Technology | 5.7"" OLED 1080p Display | HDMI | USB (Renewed)",$459.99,4.4 out of 5 stars,77
www.amazon.com/Controller-Playstation-YAEYE-Vibration-Connection/dp/B087CHZC9C?dchild=1,"Wireless Controller for Playstation 4, YAEYE 1000mAh PS4 Gamepad Joystick for Playstation 4/Pro/Slim Console with Dual Vibration Bluetooth Connection and 6-axis Gyro Sensor Touchpad (White)",$29.72,4.0 out of 5 stars,434
www.amazon.com/WEPIGEEK-Controller-Compatible-PlayStation-Dualshock/dp/B081MZ26RD?dchild=1,WEPIGEEK PS4 Wireless Controller Phone Clip Mount Holder Stand Bracket Compatible with Playstation Pro/Slim Dualshock 4,$9.99,4.2 out of 5 stars,526
www.amazon.com/Controller-Charger-Charging-Indicators-X02-Blue/dp/B075YBBQMM?dchild=1,"PS4 Controller Charger Dock Station, OIVO Controller Charging Dock with Upgraded 1.8Hours-Charging Chip, Charging Dock Station Compatible with Playstation 4 Controller (Regular/Slim/Pro)",$13.99,4.7 out of 5 stars,"5,805"
www.amazon.com/Burcica-BYB-36/dp/B082WG5Z4L?dchild=1,Burcica Wireless Controller for PS4 Playstation 4 Dual Shock-4 (Charm Blue),$32.99,3.8 out of 5 stars,37
www.amazon.com/Controller-Wireless-Playstation-Vibration-Joystick/dp/B081Q1D22D?dchild=1,"2 Pack Controller for PS4,Wireless Controller for Playstation 4 with Dual Vibration Game Joystick (Midnight Blue)",$46.99,3.7 out of 5 stars,"2,302"
www.amazon.com/Wireless-Controller-Playstation-Vibration-Indicator-White-4/dp/B08P15N9PV?dchild=1,"Wireless Controller for PS4, Game Controller for Playstation 4 with Vibration Turbo/Built-in Speaker/USB Cable/Mini LED Indicator—White",$29.99,3.0 out of 5 stars,1
www.amazon.com/Controller-BEBONCOOL-Playstation-DualShock-Indicator%EF%BC%8CBlack/dp/B07DCBVRP2?dchild=1,"PS4 Controller Charger, BEBONCOOL PS4 Wireless Charger Dual USB Fast Charging for Sony Playstation 4/PS4/ Pro /PS4 Slim Controller, Charging Station with LED Indicator for DualShock 4, Black",$13.98,4.7 out of 5 stars,"10,269"
www.amazon.com/Bluetooth-Dongle-Adapter-USB-4-0/dp/B08GKSL6T9?dchild=1,Bluetooth Dongle Adapter USB 4.0 - Zamia Mini Dongle Receiver and Transmitters Wireless Adapter Kit Compatible with PS4 /PS5 PlayStation 4 /5 Support A2DP HFP HSP,$13.90,3.5 out of 5 stars,151
www.amazon.com/Red-Dead-Redemption-PS4-playstation-4/dp/B01M9COSMD?dchild=1,Red Dead Redemption 2 (PS4),$36.30,4.7 out of 5 stars,"2,735"
www.amazon.com/Gamepad-Compatible-Wireless-Controller-Vibration/dp/B08NVP5H6W?dchild=1,Gamepad Compatible with PS4/Pro/Slim Wireless Controller Built-in Speaker Dual Vibration and 6-Axis Gyro (Black),$38.99,4.3 out of 5 stars,75
www.amazon.com/Madden-NFL-21-PS4-PlayStation-4/dp/B089L7X4ZV?dchild=1,Madden NFL 21 (PS4),$39.79,4.7 out of 5 stars,903
www.amazon.com/Controller-PS4-Wireless-Playstation-Black-Gray/dp/B08PB7ZQY8?dchild=1,Controller for PS4 Wireless Playstation 4 Controller with Dual Vibration/Speaker/Gyro/Audio Jack Remote Controller Gamepad for PS4/Slim/Pro/(Black-Gray),$32.99,4.3 out of 5 stars,41
www.amazon.com/HE-Charger-Compatible-Controller-Android/dp/B08F5HWPVQ?dchild=1,"L&HE 2 Pack 10FT Charger Cable Compatible with PS4 Slim/Pro, Xbox One S/X Controller, and Android Phones (Blue & White)",$9.99,4.4 out of 5 stars,296
www.amazon.com/Controller-Wireless-Playstation-Vibration-Joystick/dp/B081Q1D22D?dchild=1,"2 Pack Controller for PS4,Wireless Controller for Playstation 4 with Dual Vibration Game Joystick (Midnight Blue)",$46.99,3.7 out of 5 stars,"2,302"
www.amazon.com/Controller-BEBONCOOL-Playstation-DualShock-Indicator%EF%BC%8CBlack/dp/B07DCBVRP2?dchild=1,"PS4 Controller Charger, BEBONCOOL PS4 Wireless Charger Dual USB Fast Charging for Sony Playstation 4/PS4/ Pro /PS4 Slim Controller, Charging Station with LED Indicator for DualShock 4, Black",$13.98,4.7 out of 5 stars,"10,269"
www.amazon.com/Playstation-Camera-PS4-Sony-World-4/dp/B08DTWT6QM?dchild=1,Playstation Camera for PS4 by Sony - for use with Playstation VR (World Edition),$67.47,4.7 out of 5 stars,38
www.amazon.com/Red-Dead-Redemption-PS4-playstation-4/dp/B01M9COSMD?dchild=1,Red Dead Redemption 2 (PS4),$36.30,4.7 out of 5 stars,"2,735"
www.amazon.com/Controller-Bluetooth-Playstation-Compatible-iOS%E3%80%90Upgraded/dp/B08J2L14N8?dchild=1,PS4 Controller Wireless Bluetooth Gamepad for Sony Playstation 4 with USB Cable Compatible with Windows PC & Android iOS【Upgraded Version】 RED,$29.99,4.1 out of 5 stars,93
www.amazon.com/Madden-NFL-21-PS4-PlayStation-4/dp/B089L7X4ZV?dchild=1,Madden NFL 21 (PS4),$39.79,4.7 out of 5 stars,903
www.amazon.com/RUNMUS-Surround-Canceling-Compatible-Controller/dp/B07GRM747Y?dchild=1,"RUNMUS Gaming Headset Xbox One Headset with 7.1 Surround Sound, PS4 Headset with Noise Canceling Mic & LED Light, Compatible with PC, PS4, PS5, Switch, Xbox One Controller(Adapter Not Included)",$25.95,4.5 out of 5 stars,"65,933"
www.amazon.com/HE-Charger-Compatible-Controller-Android/dp/B08F5HWPVQ?dchild=1,"L&HE 2 Pack 10FT Charger Cable Compatible with PS4 Slim/Pro, Xbox One S/X Controller, and Android Phones (Blue & White)",$9.99,4.4 out of 5 stars,296
www.amazon.com/Controller-Usergaing-DualShock-Playstation-Dualshock/dp/B08R61KLK5?dchild=1,"Controller Wireless for PS4, Usergaing DualShock 4 Wireless Controller for Sony Playstation 4/Pro/Slim/PC with Audio Function, Speaker and Dualshock",$32.99,4.0 out of 5 stars,2
www.amazon.com/GTA-Cheats-Cheat-Tricks-Numbers-ebook/dp/B07W6PM48C?dchild=1,"GTA 5 Cheats: All Cheat Codes, Tips, Tricks and Phone Numbers for Grand Theft Auto 5 on PS4, PC, Xbox One",$2.99,3.9 out of 5 stars,19
www.amazon.com/Controllers-PS4-Playstation-YU33-Controller/dp/B08K2S8V1J?dchild=1,"2 Pack Wireless Controllers for PS4, Wireless Remotes Control for Sony Playstation 4, YU33 PS4 Joystick Gamepad for Ps4 Controller with Dualshock and Charging Cables (Purple and Blue)",$47.99,4.1 out of 5 stars,326
www.amazon.com/KontrolFreek-Performance-Thumbsticks-PlayStation-Controller-4/dp/B06X9GM7QF?dchild=1,"KontrolFreek FPS Freek Edge for PlayStation 4 (PS4) and PlayStation 5 (PS5) | Performance Thumbsticks | 1 High-Rise Convex, 1 Low-Rise Convex | Blue",$14.99,4.6 out of 5 stars,"1,430"
www.amazon.com/Wireless-Controller-RegeMoudal-Vibration-Function/dp/B08DKTNS1L?dchild=1,"Wireless Controller for PS4 RegeMoudal Wireless Controller for PS4/Pro/Slim, Touch Panel Gamepad with Double Vibration and Audio Function",$19.99,4.0 out of 5 stars,175
www.amazon.com/Marvels-Avengers-PS4-playstation-4/dp/B07SVNGBBF?dchild=1,Marvel's Avengers (PS4),$36.99,4.7 out of 5 stars,675
www.amazon.com/Wireless-Controller-Remote-Playstation-Crystal-4/dp/B08P2JYSCM?dchild=1,"Wireless PS4 Controller, PS4 Remote for Sony Playstation 4 with Led Touch Pad and Double Shock (Red Crystal)",$32.99,4.3 out of 5 stars,41
www.amazon.com/Controller-Compatible-Playstation-Vibration-Camouflage/dp/B08R37J88Q?dchild=1,"Wireless Controller Compatible with PS4, Game Controller for Playstation 4 Built-in Speaker six-axis Gyro and Dual Vibration, Remote Control Gamepad for PS4/Slim/Pro Console (Red Camouflage)",$35.99,4.0 out of 5 stars,210
www.amazon.com/Farming-Simulator-19-Platinum-PS4-PlayStation/dp/B07W6CD737?dchild=1,Farming Simulator 19 Platinum Edition (PS4) - PlayStation 4,$29.50,4.7 out of 5 stars,"1,950"
www.amazon.com/Wireless-Controller-Remote-Playstation-Crystal-4/dp/B08P2JYSCM?dchild=1,"Wireless PS4 Controller, PS4 Remote for Sony Playstation 4 with Led Touch Pad and Double Shock (Red Crystal)",$32.99,4.3 out of 5 stars,41
www.amazon.com/Playrealm-Thumbstick-Dualsenese-Controller-Camouflage/dp/B08MC4QP5Z?dchild=1,Playrealm FPS Thumbstick Extender & 3D Texture Rubber Silicone Grip Cover 2 Sets for PS5 Dualsenese & PS4 Controller (Camouflage Blue),$11.99,4.5 out of 5 stars,14
www.amazon.com/Wireless-Controller-Dualshock-Speaker-Indicator/dp/B08J7SZ51J?dchild=1,"Wireless Controller for PS4, Modded PS4 Controller Dualshock 4 Wireless PS4 Pro Controller Built-in Speaker/Gyro/Motors with Touch Panel Share Button LED Indicator USB Cable for PS4/Pro/Slim (Black)",$29.97,4.2 out of 5 stars,34
www.amazon.com/eXtremeRate-Playstation-Controller-Shoulder-Flashshot/dp/B08GCS6VYL?dchild=1,"eXtremeRate Clicky Hair Trigger Kit for Playstation 4 CUH ZCT2 Controller Shoulder Buttons, Custom Flashshot Trigger Stop Flex Cable for PS4 Slim Pro Controller JDM-040/050/055",$14.99,4.3 out of 5 stars,265
www.amazon.com/ORDA-Wireless-Controller-Compatible-Indicator/dp/B08R5LYCNJ?dchild=1,"ORDA Wireless Controller Compatible with PS4, Wireless Gamepad for PC (7/8/8.1/10) with Audio Function, Mini LED Indicator and USB Cable - Red",$23.99,3.9 out of 5 stars,"3,973"
www.amazon.com/Gods-Monsters-PlayStation-4-Standard/dp/B07SFZV3BN?dchild=1,Immortals Fenyx Rising - PlayStation 4 Standard Edition,$29.99,4.7 out of 5 stars,506
www.amazon.com/Controller-Joystick-Playstation-Vibration-Function/dp/B08PBS6PQ2?dchild=1,"Controller for PS4, Gaming Controller for Pc Gamepad Joystick for Playstation 4/Pro/Slim Console with Dual Vibration shock/6-axis Gyro Sensor/Audio Function(Midnight Blue)",$39.99,4.8 out of 5 stars,926
www.amazon.com/Playstation-Console-Holiday-Hubxcel-Charging-4/dp/B08NGWDHXQ?dchild=1,2020 Playstation 4 PS4 Slim 1TB Console Holiday Bundle with Hubxcel Charging Dock Bundle,$499.00,3.7 out of 5 stars,77
www.amazon.com/Waterproof-Playstation-Portable-Controllers-Sony-4/dp/B07SJVH95Y?dchild=1,Case Club Waterproof Playstation 4 Portable Gaming Station with Built-in Monitor & Storage for PS4 Controllers & Games,$349.95,4.4 out of 5 stars,256
www.amazon.com/Werewolf-Apocalypse-Earthblood-PS4-PlayStation-4/dp/B08CWDQCG4?dchild=1,Werewolf: The Apocalypse - Earthblood (PS4) - PlayStation 4,$49.99,,
www.amazon.com/Wireless-Controller-Playstation-Control-Gamepad/dp/B08FJ44K38?dchild=1,"Wireless Controller for Playstation 4, Game Controller for PS4/Pro/Slim, PS4 Control Remote Gamepad with Dual Motors, Motion and Stereo Jack,1000mAh Battery, 2020 Version (Red)",$36.97,4.3 out of 5 stars,95
www.amazon.com/Tony-Stewart-American-Racing-Playstation-4/dp/B08JSX48T9?dchild=1,Tony Stewart All American Racing (Sony Playstation 4 - PS4),,4.7 out of 5 stars,45
www.amazon.com/Bluetooth-Enabled-Remote-Control-Playstation-4/dp/B072C7YZFC?dchild=1,PDP 051-075-NA Bluetooth Enabled Media Remote Control for Playstation 4,$24.99,4.4 out of 5 stars,"5,157"
www.amazon.com/Red-Dead-Redemption-2-PS4-England/dp/B01M65RD19?dchild=1,Red Dead Redemption 2 (PS4),$36.70,4.7 out of 5 stars,"7,839"
www.amazon.com/KontrolFreek-Performance-Grips-PlayStation-Controller-4/dp/B00ZJ8I7Y4?dchild=1,KontrolFreek Performance Grips for Playstation 4 Controller (PS4),$14.99,4.4 out of 5 stars,"3,072"
www.amazon.com/Controller-Charger-Charging-Station-Playstation/dp/B07CTHLS2L?dchild=1,"Y Team PS4 Controller Charger, Dual USB PS4 Controller Charging Station for Sony Playstation 4/ PS4/ Slim/ PS4 Pro Charging Dock Stand Station",$13.97,4.6 out of 5 stars,"8,123"
www.amazon.com/Vertical-PlayStation4-Controller-Accesossries-Playstation/dp/B08FJ4GYFG?dchild=1,"PS4 Vertical Stand Cooling Fan for PS4 Slim/ PS4 Pro/ Regular PlayStation4, PS4 Controller Charger Station for Dual Charging, PS4 Accesossries with Game Storage for Playstation Consoles",$25.99,4.6 out of 5 stars,288
www.amazon.com/Tony-Stewart-American-Racing-Playstation-4/dp/B08JSX48T9?dchild=1,Tony Stewart All American Racing (Sony Playstation 4 - PS4),,4.7 out of 5 stars,45
www.amazon.com/Red-Dead-Redemption-2-PS4-England/dp/B01M65RD19?dchild=1,Red Dead Redemption 2 (PS4),$36.70,4.7 out of 5 stars,"7,839"
www.amazon.com/PlayStation-4-Slim-1TB-Console-Renewed/dp/B07C88DSHM?dchild=1,PlayStation 4 Slim 1TB Console (Renewed),$376.97,4.6 out of 5 stars,451
www.amazon.com/Batman-Arkham-Knight-PS4-playstation-4/dp/B07F7K39Q5?dchild=1,Batman: Arkham Knight (PS4),$21.11,4.6 out of 5 stars,633
www.amazon.com/PXN-V3II-Competition-Steering-Universal-Suitable-PC/dp/B08L6KDZRZ?dchild=1,"Game Racing Wheel, PXN-V3II 180° Competition Racing Steering Wheel with Universal USB Port and with Pedal, Suitable for PC, PS3, PS4, Xbox One, Nintendo Switch - Orange",$99.99,4.5 out of 5 stars,19
www.amazon.com/Playstation-Move-Twin-Pack-Renewed-4/dp/B083G2MNMS?dchild=1,Playstation Move Twin Pack (PS4) (Renewed),$119.99,4.6 out of 5 stars,45
www.amazon.com/Strike-Controller-IWGAME-Attachment-Paddles/dp/B08GXD4L2V?dchild=1,"Strike Pack for PS4 Controller,IWGAME Controller Back Button Attachment,Paddles for PS4",$18.99,5.0 out of 5 stars,3
www.amazon.com/MLB-Show-20-Playstation-4/dp/B08R5DXQD1?dchild=1,MLB The Show 20 - Playstation 4,$21.00,4.6 out of 5 stars,18
www.amazon.com/VOYEE-Controller-Replacement-Compatible-Playstation/dp/B08H16YG88?dchild=1,"VOYEE Controller Replacement for PS4 Controller, Enhanced Wired Controller with Double Shock/Upgraded Joystick Compatible with Sony Playstation 4/Pro/Slim (Black)",$17.99,4.1 out of 5 stars,143
www.amazon.com/PS4-Controller-Pack-Playstation-Transparent/dp/B07MX269TW?dchild=1,"2 Pack Controller for PS4,Wireless Controller for Playstation 4 with Dual Vibration Game Joystick (White Blue)",$47.99,3.8 out of 5 stars,"2,720"
www.amazon.com/Star-Wars-Jedi-Fallen-playstation-4/dp/B07QN7HVMH?dchild=1,Star Wars Jedi: Fallen Order (PS4),$37.11,4.7 out of 5 stars,"6,390"
www.amazon.com/CorpCo-Power-Cord-Sony-PlayStation/dp/B010L06UK2?dchild=1,CorpCo 6ft AC Power Cord for Sony Playstation 4 (PS4) Slim by Corpco Electronics,$6.69,4.8 out of 5 stars,"3,883"
www.amazon.com/Controller-Wireless-Playstation-Vibration-Light-Bar/dp/B08HMXY41J?dchild=1,"PS4 Controller,Wireless Controller for Playstation 4/Slim/Pro/PC,PS4 Remote with Dual Vibration/6-axis Gyro/Speaker/Light-Bar and USB Cable(White)",$30.59,3.9 out of 5 stars,113
www.amazon.com/NBA-2K21-450-Digital-Code/dp/B08HJ88122?dchild=1,"NBA 2K21: 450,000 VC - PS4 [Digital Code]",$99.99,4.5 out of 5 stars,85
www.amazon.com/Seagate-Drive-Systems-External-Portable/dp/B07M9VCHDG?dchild=1,"Seagate (STGD2000100) Game Drive For PS4 Systems 2TB External Hard Drive Portable HDD – USB 3.0, Officially Licensed Product",$79.99,4.8 out of 5 stars,"18,256"
www.amazon.com/Days-Limited-Steel-Black-PlayStation-4/dp/B07RPMBYKQ?dchild=1,Days of Play Limited Edition Steel Black 1TB PS4 (PS4),$595.03,4.6 out of 5 stars,163
www.amazon.com/Dust-Off/dp/B078C82HN7?dchild=1,True War Stories,$0.99,3.2 out of 5 stars,11
www.amazon.com/Days-Gone-Playstation-4/dp/B01GW8XRCG?dchild=1,Days Gone - Playstation 4,$19.99,4.6 out of 5 stars,"8,486"
www.amazon.com/Madden-NFL-21-Points-Digital/dp/B08G5YPGD4?dchild=1,Madden NFL 21: 1050 Madden Points - PS4 [Digital Code],$9.88,4.5 out of 5 stars,33
www.amazon.com/Controller-Team-Compatible-Playstation-Vibration/dp/B08FFJ9JH5?dchild=1,"Wireless Controller for PS4, Y Team Game Controller Compatible with Playstation 4/Pro/Slim, PS4 Remote Gamepad with Dual Vibration, Stereo Jack, Motion Sensor - Blue",$36.97,4.2 out of 5 stars,108
www.amazon.com/ASTRO-Gaming-A10-Headset-Blue-PlayStation/dp/B0711V7BV6?dchild=1,"ASTRO Gaming A10 Gaming Headset - Blue - PlayStation 5, PlayStation 4",$49.00,4.4 out of 5 stars,"3,688"
www.amazon.com/Controller-Camouflage-Rechargeable-Compatible-Playstation/dp/B08MZR6KL1?dchild=1,"Game Controller for PS4 (Blue Camouflage), PICTEK Wireless Rechargeable, Dual Vibration Compatible with Windows PC & Android OS, Wireless Bluetooth Controller for Playstation 4",$31.49,4.5 out of 5 stars,393
www.amazon.com/Hitman-III-PS4-playstation-4/dp/B08LF957LY?dchild=1,Hitman III (PS4),$77.03,,
www.amazon.com/PSVR-Controller-Firewall-Zero-Bundle-4/dp/B07FRCT893?dchild=1,PSVR Aim Controller Firewall Zero Hour Bundle - PlayStation VR,$74.97,4.7 out of 5 stars,"2,366"
www.amazon.com/PeohZarr-Headset-Surround-Earmuffs-Included/dp/B087Q4Q7DP?dchild=1,"PeohZarr Gaming Headset Xbox One Headset PS4 Headset Aurora Series with Flowing LED Lights 7.1 Surround Sound Crystal Clear Mic Comfy Earmuffs, Headset for Xbox One(Adapter Not Included), PS4, PS5, PC",$26.99,4.6 out of 5 stars,"2,228"
www.amazon.com/Snowrunner-PlayStation-4/dp/B0833XB257?dchild=1,Snowrunner - PlayStation 4,$34.96,4.6 out of 5 stars,"2,862"
www.amazon.com/Upgraded-Controller-Bluetooth-Playstation-Compatible/dp/B01DXT6FTY?dchild=1,"[Upgraded Version] PS4 Controller, Wireless Bluetooth Gamepad with USB Cable for Sony Playstation 4, Gaming Grip Compatible with PS4/Pro/Slim/Windows PC(7/8/8.1/10) (Gold)",$29.99,4.3 out of 5 stars,"1,431"
www.amazon.com/Kikc-headsets-Headset-Headphones-Canceling/dp/B08K316ZXG?dchild=1,"Kikc Gaming headsets PS4 Stereo Xbox one Headset Wired PC Gaming Headphones with Noise Canceling Mic, Over Ear Gaming Headphones for PS4/PS5/Xbox one/PC/MAC",$13.99,4.8 out of 5 stars,8
www.amazon.com/Wireless-Controller-Remote-Playstation-Charging/dp/B07W6Z2L6V?dchild=1,"Wireless Controller for PS4, Remote for Playstation 4 with Charging Cable, Berry Blue Remote,New Model",$28.88,3.7 out of 5 stars,"4,595"
www.amazon.com/Controller-Wireless-Playstation-Vibration-Indicator/dp/B08QGKP74Z?dchild=1,"PS4 Controller, Wireless Controller Gamepad for Playstation 4/Pro/Slim with Audio Function, Dual Vibration, Touchpad, Mini LED Indicator",$39.99,4.8 out of 5 stars,"2,123"
www.amazon.com/Kikc-headsets-Headset-Headphones-Canceling/dp/B08K316ZXG?dchild=1,"Kikc Gaming headsets PS4 Stereo Xbox one Headset Wired PC Gaming Headphones with Noise Canceling Mic, Over Ear Gaming Headphones for PS4/PS5/Xbox one/PC/MAC",$13.99,4.8 out of 5 stars,8
www.amazon.com/Controller-Professional-Surround-Cancelling-Earmuffs/dp/B08GGYSYL2?dchild=1,"Gaming Headset for PS4 PC Xbox One Controller, Professional PS4 Headset with 7.1 Surround Sound, Noise Cancelling Mic, RGB LED Light, Soft Memory Earmuffs for PC Laptop Tablet Mac",$21.99,4.8 out of 5 stars,349
www.amazon.com/EKSA-Surround-Headphones-Canceling-Compatible/dp/B08FBXX8X6?dchild=1,"EKSA Gaming Headset with 7.1 Surround Sound Stereo, PS4 USB Headphones with Noise Canceling Mic & RGB Light, Compatible with PC, PS4 Console, Laptop (Red)",$36.99,4.4 out of 5 stars,"3,517"
www.amazon.com/Sony-PlayStation-Wireless-Headset-Surround/dp/B079YL9F5T?dchild=1,Sony PlayStation Gold Wireless Headset 7.1 Surround Sound PS4 New Version 2018,$108.95,4.5 out of 5 stars,"3,338"
www.amazon.com/Game-Controller-PS4-Vibration-High-Sensitive/dp/B08J6R4X1H?dchild=1,"Game Controller for PS4 Wireless Gamepad for PS4/PS4 Pro/PC and Laptop with Vibration and Audio Function, Mini LED Indicator, High-Sensitive Controller with Anti-Slip (Midnight Blue)",$36.99,4.0 out of 5 stars,"1,253"
www.amazon.com/Five-Nights-Freddys-Help-Wanted-PlayStation/dp/B08L4V7XFH?dchild=1,Five Nights at Freddy's: Help Wanted (PS4) - PlayStation 4,$29.86,4.7 out of 5 stars,571
www.amazon.com/Minecraft-Survivors-Secrets-Official-Mojang/dp/0399593209?dchild=1,Minecraft: The Survivors' Book of Secrets: An Official Mojang Book,$5.62,4.7 out of 5 stars,321
www.amazon.com/Hasbro-Family-Fun-Pack-PlayStation-Standard/dp/B0156SMZCQ?dchild=1,Hasbro Family Fun Pack - PlayStation 4 Standard Edition,$20.14,4.5 out of 5 stars,"1,538"
www.amazon.com/Marvels-Avengers-Deluxe-PlayStation-4/dp/B084SCW1Y9?dchild=1,Marvel's Avengers: Deluxe Edition - PlayStation 4,$55.89,4.5 out of 5 stars,"1,661"
www.amazon.com/Controller-PS4-Wireless-Vibration-High-Sensitive/dp/B08PCSW2RF?dchild=1,"Game Controller for PS4 Wireless Gamepad for PS4/PS4 Pro/PC and Laptop with Vibration and Audio Function, Mini LED Indicator, High-Sensitive Controller with Anti-Slip(Alpine Green)",$31.99,3.2 out of 5 stars,17
www.amazon.com/Jump-Force-PS4-playstation-4/dp/B07DMB2G4Y?dchild=1,Jump Force (PS4),$23.25,4.6 out of 5 stars,"1,361"
www.amazon.com/MFTEK-Keyboard-Rainbow-One-Handed-Mechanical/dp/B08977VXBQ?dchild=1,"MFTEK One Hand Gaming Keyboard and Mouse Combo, RGB Rainbow Backlit One-Handed Mechanical Feeling Gaming Keyboard with Wrist Rest Support, USB Wired Keyboard Mouse and Mouse Pad Set for PC PS4 Gamer",$27.99,4.5 out of 5 stars,328
www.amazon.com/Wireless-Controller-Paddles-Vibration-Headphone/dp/B08NSR8VXB?dchild=1,"PS4 Elite Wireless Controller with Back Paddles,Dual Vibration Elite PS4 Modded Game Controller for Play Station 4 with Speaker and 3.5mm Audio Headphone Jack",$69.98,3.6 out of 5 stars,12
www.amazon.com/RUNMUS-Headphones-Canceling-Compatible-Dreamcast/dp/B07XR6SKB6?dchild=1,"RUNMUS Gaming Headset for Xbox One, PS4, PC Headset w/ Surround Sound, Over Ear Headphones with Noise Canceling Mic & RGB Light, Compatible with Xbox One, PS4, Nintendo Switch, PC, Mac, Sega Dreamcast",$30.90,4.6 out of 5 stars,"4,732"
www.amazon.com/PlayStation-Gold-Wireless-Headset-Gaming-Console/dp/B07WJ1FGZK?dchild=1,PlayStation Gold Wireless Headset Rose Gold - PlayStation 4,$99.45,4.6 out of 5 stars,"1,303"
www.amazon.com/Wireless-Custom-AiMControllers-Dexter-Paddles/dp/B01MQF08P5?dchild=1,"AimControllers PS4 Custom Wireless Controller, Playstation 4 Personalized Gamepad with 4 Paddles - Dexter",$139.99,4.2 out of 5 stars,350
www.amazon.com/Controller-Vibration-Compatible-Bluetooth-Playstation/dp/B08NXHY714?dchild=1,"Game Controller for PS4 (Steel Black), Dual Vibration Compatible with Windows PC & Android OS, Wireless Bluetooth Controller for Playstation 4",$29.99,4.6 out of 5 stars,86
www.amazon.com/PUNWEOS-Controller-Playstation-DualShock-Vibration/dp/B08L6MLXX3?dchild=1,"PUNWEOS Wireless PS4 Controller for Playstation 4, DualShock 4 Game Controller with Gyro/HD Dual Vibration/Touch Panel/LED Indicator Gamepad Remote Joystick for Playstation 4/Pro/Slim(Blue)",$30.99,4.0 out of 5 stars,780
www.amazon.com/PlayStation-Pro-1TB-Limited-Console-4/dp/B07YBX9F4V?dchild=1,PlayStation 4 Pro 1TB Limited Edition Console - Death Stranding Bundle,$629.00,4.8 out of 5 stars,765
www.amazon.com/Mortal-Kombat-11-PS4-playstation-4/dp/B07L75HNK1?dchild=1,Mortal Kombat 11 (PS4),$29.96,4.6 out of 5 stars,"1,615"
www.amazon.com/PlayStation-Slim-1TB-Console-Certified-Refurbished/dp/B06ZXXBLRL?dchild=1,PlayStation 4 Slim 1TB Console - Black (Renewed),,4.7 out of 5 stars,841
www.amazon.com/AimControllers-Controller-Wireless-Playstation-Personalized/dp/B086BKKG4H?dchild=1,"AimControllers PS4 Controller Custom Wireless, Playstation 4 Personalized Gamepad - Gold",$139.99,4.5 out of 5 stars,45
www.amazon.com/Skywin-PSVR-Charging-Display-Stand-PC/dp/B075X47CG7?dchild=1,"Skywin PSVR Charging Display Stand - Showcase, Cool, Charge, and Display your PS4 VR - Playstation 4 Vertical Stand, Fan, Controller Charger and Hub",$39.99,4.4 out of 5 stars,"4,939"
www.amazon.com/Controller-BRHE-Android-Bracket-Adjustable/dp/B08BJWNPJ5?dchild=1,"PS4 Controller Phone Clip Mount Holder, BRHE Android /ios Mobile Phone Bracket Game Clamp Adjustable Stand [New Upgrade]",$8.99,4.5 out of 5 stars,255
www.amazon.com/Controller-Compatible-Gamepad-Indicator-Anti-Slip/dp/B08NPJRTVM?dchild=1,"Wired Controller Compatible with PS4 Wired Gamepad and Built-in Motion Motors,Mini LED Indicator and Anti-Slip Design -Berry Blue",$15.99,4.1 out of 5 stars,9
www.amazon.com/Donop-Controller-Compatible-Playstation-camouflage/dp/B0894MZCGJ?dchild=1,"Donop Wireless Controller for PS4, Game Remote Joystick Compatible with Playstation 4 Slim Pro Console(Blue camouflage )",$29.99,3.8 out of 5 stars,313
www.amazon.com/Travel-PlayStation-Console-Launch-co2CREA-4/dp/B075P2K96T?dchild=1,Hard Travel Case for Sony PlayStation 4 Pro Console + PlayStation VR PSVR Launch Bundle by co2CREA,$79.99,4.4 out of 5 stars,129
www.amazon.com/Wireless-Controller-Vibration-Joystick-Playstation/dp/B087334CV4?dchild=1,"Wireless Controller Compatible with PS4, Dual Vibration Wireless Gamepad Controller Remote Joystick Compatible with Playstation 4/Pro/Slim with Motion Motors, Audio Function and USB Cable(White)",$39.99,3.9 out of 5 stars,608
www.amazon.com/DualShock-Wireless-Controller-PlayStation-Rose-4/dp/B07WDSD7G7?dchild=1,DualShock 4 Wireless Controller for PlayStation 4 - Rose Gold,$64.99,4.8 out of 5 stars,"5,509"
www.amazon.com/Controller-PS4-Wireless-Vibration-High-Sensitive/dp/B08PCTBQ1G?dchild=1,"Game Controller for PS4 Wireless Gamepad for PS4/PS4 Pro/PC and Laptop with Vibration and Audio Function, Mini LED Indicator, High-Sensitive Controller with Anti-Slip(Berry Blue)",$32.99,4.0 out of 5 stars,"1,253"
www.amazon.com/God-War-Hits-PlayStation-4/dp/B07XQKTPB2?dchild=1,God of War Hits - PlayStation 4,$14.75,4.8 out of 5 stars,"6,162"
www.amazon.com/Compatible-OfficeJet-Printer-Samsung-Toshiba/dp/B07PLP57HW?dchild=1,"2 Prong AC Power Cord Compatible PS3 / PS4 / PS5, Xbox One S/X, Xbox Series X/S, HP OfficeJet Envy Canon Pixma Printer, Sharp Samsung LG Toshiba TCL TV",$6.98,4.8 out of 5 stars,"3,440"
www.amazon.com/IFYOO-Programmable-Controller-Remapleable-Buttons-Accessories/dp/B08P2BBT59?dchild=1,"IFYOO Programmable Back Button Triggers for PS4 Controller with OLED Display, Custom Profile, 2 Remapleable Buttons, PS4 Gaming Stuff Attachment Game Accessories Paddles Parts Kits - B1",$32.00,4.1 out of 5 stars,26
www.amazon.com/ZIUMIER-Microphone-Surround-Over-Ear-Headphones/dp/B07ZF8T63K?dchild=1,"ZIUMIER Gaming Headset with Microphone, PS4 Headset Xbox One Headset with RGB Light, Wired PC Headset with 7.1 Stereo Surround Sound, Over-Ear Headphones for PC, PS4, Xbox One, Laptop",$24.99,4.4 out of 5 stars,"2,560"
www.amazon.com/Paw-Patrol-Mighty-Pups-Save-Adventure/dp/B08F5TR4FK?dchild=1,Paw Patrol Mighty Pups Save Adventure Bay - PlayStation 4,$24.98,4.7 out of 5 stars,139
www.amazon.com/Sony-DualShock-Wireless-Controller-PlayStation-4/dp/B079HBNLG7?dchild=1,Sony DualShock 4 Wireless Controller - Midnight Blue - PlayStation 4,$81.36,4.7 out of 5 stars,"1,024"
www.amazon.com/PlayStation-Move-Motion-Controllers-Pack-4/dp/B07B4BFC6S?dchild=1,PlayStation Move Motion Controllers - Two Pack,$99.96,4.6 out of 5 stars,"2,462"
www.amazon.com/Pack-Game-Controller-PS4-Wireless-Playstation/dp/B08P6S8YH1?dchild=1,"2 Pack-Game Controller for PS4,Wireless Controller for Playstation 4 with Dual Vibration Game Joystick (Berry Blue and Blue)",$49.99,4.1 out of 5 stars,13
www.amazon.com/Controller-Charger-Charging-Playstation-DualShock/dp/B089F5JWGM?dchild=1,"PS4 Controller Charger Charging Cable 10ft 2 Pack, Charge and Play, Extra Long Micro USB 2.0 High Speed Sync Cord for Playstation 4/ DualShock 4/ PS4 Slim/ PS4 Pro/Xbox One/Xbox One S/Xb",$8.98,4.6 out of 5 stars,477
www.amazon.com/Wireless-Controller-Compatible-Included-Cable-White/dp/B08LFD7NVH?dchild=1,Wireless Game Controller Compatible with PS4/ Slim/Pro Console and Included USB Cable-White,$25.99,4.2 out of 5 stars,62
www.amazon.com/The-Great-Open-Sea/dp/B07PJMN7XC?dchild=1,Minecraft 3DS Edition With Mega Mike,,5.0 out of 5 stars,1
www.amazon.com/KontrolFreek-Playstation-Controller-Performance-Thumbsticks-4/dp/B01BCNZJ54?dchild=1,"KontrolFreek FPS Freek Galaxy White for Playstation 4 (PS4) and Playstation 5 (PS5) | Performance Thumbsticks | 1 High-Rise, 1 Mid-Rise | White",$14.99,4.6 out of 5 stars,"4,085"
www.amazon.com/Controller-Wireless-Performance-Playstation-Indicator/dp/B08FDNKD1V?dchild=1,"PS4 Controller Wireless, Red Nebula Style Dual Shock High Performance Gaming Controller for Playstation 4 /Pro/Slim/PC with Audio Function, Mini LED Indicator, USB Cable (Nebula)",$45.90,4.1 out of 5 stars,61
www.amazon.com/KontrolFreek-Precision-Control-PlayStation-Controller-4/dp/B08H9PPQSP?dchild=1,"KontrolFreek Precision Rings | Aim Assist Motion Control for PlayStation 4 (PS4), PlayStation 5 (PS5), Xbox One, Xbox Series X, Switch Pro & Scuf Controller | Purple",$11.99,4.1 out of 5 stars,155
www.amazon.com/Controller-Team-Playstation-Stand-Dual-Controller-Black/dp/B01H1GJ7IQ?dchild=1,"PS4 Controller Charger, Y Team Playstation 4 / PS4 / PS4 Pro / PS4 Slim Controller Charger Charging Docking Station Stand.Dual USB Fast Charging Station & LED Indicator for Sony PS4 Controller--Black",$13.96,4.6 out of 5 stars,"10,519"
www.amazon.com/Star-Wars-Squadrons-PlayStation-4/dp/B089F7Y472?dchild=1,Star Wars: Squadrons - PlayStation 4,$19.99,4.6 out of 5 stars,"2,465"
www.amazon.com/Farming-Simulator-19-Premium-PS4-PlayStation/dp/B08DJSPKPY?dchild=1,Farming Simulator 19: Premium Edition (PS4) - PlayStation 4,$49.99,4.8 out of 5 stars,92
www.amazon.com/Playstation-Dualshock-Wireless-Controller-CUH-ZCT2U-4/dp/B08N6JQ7M9?dchild=1,"Batmax 2Pcs 3.7V 1200mAh KCR1410 Battery for Sony Playstation 4 PS4 Dualshock 4 Wireless Controller CUH-ZCT2, CUH-ZCT2U, New 2016 Version",$13.99,4.5 out of 5 stars,2
www.amazon.com/Controllers-Playstation-YU33-Controller-Dualshock/dp/B08KJ6HM3C?dchild=1,"Wireless Controllers for PS4, Wireless Remote Control for Sony Playstation 4, YU33 PS4 Joystick Gamepad for Ps4 Controller with Dualshock, Charging Cable and 3-Packs Thumb Grips(2020,Rose Gold)",$26.99,4.5 out of 5 stars,93
www.amazon.com/Biomutant-Collectors-PlayStation-4/dp/B074ZH9F23?dchild=1,Biomutant Collector's Edition - PlayStation 4 Collector's Edition,$119.99,,
www.amazon.com/Wireless-Controller-Playstation-Y-Team-Vibration/dp/B08L987W8V?dchild=1,"Wireless Controller for Playstation 4, Y-Team 1000mAh Controller for PS4 Game Gamepad Remote Joystick with Dual Vibration, Gyro, Touchpad, Headset Jack, LED, USB for PS4/Pro/Slim/PC/Laptop(Magma Red)",$34.99,4.1 out of 5 stars,19
www.amazon.com/BEBONCOOL-Controller-Playstation-Charging-Playstation4/dp/B07FKG8Q31?dchild=1,"PS4 Controller Charger, PS4 Charging Station with Dual PS4 Charger, BEBONCOOL PS4 Controller Charger Station with 4 Micro USB, PS4 Charger Station for Sony Playstation4/PS4 Slim/PS4 Pro Controller",$9.99,4.5 out of 5 stars,"2,040"
www.amazon.com/PS4-WWE-2K20-NTSC-PlayStation-4/dp/B07ZGQYNND?dchild=1,PS4 - WWE 2K20 - [PAL EU - NO NTSC],$27.40,4.7 out of 5 stars,151
www.amazon.com/Logitech-Harmony-Control-Entertainment-Devices/dp/B00N3RFC4Q?dchild=1,Logitech Harmony Hub for Control of 8 Home Entertainment Devices,,3.9 out of 5 stars,"2,369"
www.amazon.com/Wireless-Controller-YCCSKY-Vibration-Ergonomic/dp/B08K3CZ9D8?dchild=1,"Wireless Gaming Controller for PS4, YCCSKY Wireless Gamepad Joypad Built-in Gyro/Speaker/Vibration Remote Joystick with Share Button and Ergonomic Design for PS4/ Slim/ Pro (White)",$29.99,4.1 out of 5 stars,33
www.amazon.com/Dark-Souls-Trilogy-PS4-playstation-4/dp/B07MG7Y4CB?dchild=1,Dark Souls Trilogy (PS4),$46.85,4.7 out of 5 stars,800
www.amazon.com/4-Pin-Power-Supply-Unit-Model/dp/B07NVGZB4J?dchild=1,4-Pin Power Supply Unit PSU Model: ADP-200ER N14-200P1A for Sony Playstation 4 PS4 Console 500GB CUH-1200 12XX 1215A 1215B,$57.99,4.4 out of 5 stars,26
www.amazon.com/Madden-NFL-21-Points-Digital/dp/B08G65C874?dchild=1,Madden NFL 21: 12000 Madden Points - PS4 [Digital Code],$99.99,4.0 out of 5 stars,24
www.amazon.com/LittlePaprika-Controller-Bluetooth-Playstation-DualShock/dp/B08HN4BZGQ?dchild=1,"LittlePaprika Controller Keyboard for PS4, Gamers Digital Mini Bluetooth Keyboard Chatpad for Playstation 4 for DualShock Controller, Used to Chat with Playes in Games",$17.99,4.1 out of 5 stars,191
www.amazon.com/Watch-Dogs-Legion-PlayStation-4-Standard/dp/B07SH36GRX?dchild=1,Watch Dogs Legion - PlayStation 4 Standard Edition,$29.99,4.6 out of 5 stars,"2,329"
www.amazon.com/Controller-Bluetooth-Playstation-Compatible-iOS%E3%80%90Upgraded/dp/B004W2HD8O?dchild=1,PS4 Controller Wireless Bluetooth Gamepad for Sony Playstation 4 with USB Cable Compatible with Windows PC & Android iOS【Upgraded Version】 RED,$29.99,4.6 out of 5 stars,655
www.amazon.com/Dreams-PlayStation-4/dp/B082LW28B2?dchild=1,Dreams - PlayStation 4,$19.99,4.6 out of 5 stars,"1,202"
www.amazon.com/KontrolFreek-PlayStation-Performance-Thumbsticks-Low-Rise-4/dp/B08HNCQL53?dchild=1,KontrolFreek Alpha for PlayStation 4 (PS4) and PlayStation 5 (PS5) | Performance Thumbsticks | 2 Low-Rise Concave | Green,$16.99,5.0 out of 5 stars,3
www.amazon.com/ADP-240AR-PS4-Sony-Playstation-CUH-1001A-4/dp/B07NJNB5F8?dchild=1,"Power Supply ADP-240AR 5 Pin for PS4 Sony Playstation 4 CUH-1001A - 500GB, 5 Prongs",$55.97,4.3 out of 5 stars,49
www.amazon.com/Madden-NFL-21-Points-Digital/dp/B08G65C874?dchild=1,Madden NFL 21: 12000 Madden Points - PS4 [Digital Code],$99.99,4.0 out of 5 stars,24
www.amazon.com/Controller-Charging-Playstation-Controllers-Indicator/dp/B08R78M22R?dchild=1,PS4 Controller Charger Dock Station Charging Dock for Playstation VR Move Motion Controllers PSVR Controller Charging Station with LED Indicator,$16.99,,
www.amazon.com/Controller-Playstation-YAEYE-Vibration-Connection/dp/B087CJFFDW?dchild=1,"Wireless Controller for PS4, YAEYE Gamepad Joystick Wireless Remote Pro Controller for PS4/PRO/SLIM with Motion Motors and Built-in Audio Function (Black)",$29.97,3.9 out of 5 stars,312
www.amazon.com/Controller-Charger-Charging-Docking-Playstation/dp/B07DJ8SPLG?dchild=1,"PS4 Controller Charger, YAEYE USB Charger Charging Docking Station Stand for Playstation 4 PS4/PS4 Slim/PS4 Pro Controller, Black",$9.99,4.6 out of 5 stars,"1,798"
www.amazon.com/Wireless-Controller-YAEYE-Joystick-Function/dp/B08CV89PL6?dchild=1,"Wireless Controller for PS4, YAEYE Gamepad Joystick Wireless Remote Pro Controller for PS4/PRO/SLIM with Motion Motors and Built-in Audio Function (White)",,3.9 out of 5 stars,87
www.amazon.com/Bluetooth-RALAN-Microphone-Compatible-Playstation/dp/B08MF5S5YX?dchild=1,"PS4 Bluetooth Dongle Adapter USB 4.0 RALAN,Wireless Mini Microphone USB Audio Adapter Receiver Compatible with PS4 Playstation/Support A2DP HFP HSP",$14.66,3.7 out of 5 stars,33
www.amazon.com/Controller-Bluetooth-Playstation-Compatible-iOS%E3%80%90Upgraded/dp/B013GL5YFA?dchild=1,PS4 Controller Wireless Bluetooth Gamepad for Sony Playstation 4 with USB Cable Compatible with Windows PC & Android iOS【Upgraded Version】 Gold,$29.99,3.7 out of 5 stars,800
www.amazon.com/theHunter-2019-PlayStation-4/dp/B07G1SC4PG?dchild=1,theHunter: 2019 Edition - PlayStation 4,$27.48,4.4 out of 5 stars,756
www.amazon.com/Quickshot-Trigger-Stop-Playstation-4/dp/B0797948Z6?dchild=1,"Bionik Quickshot - Trigger Stop Lock System for Playstation DualShock 4 Wireless Controllers, Black, B0797948Z6",$12.29,3.8 out of 5 stars,881
www.amazon.com/Rechargeable-Replacement-Sony-PS4-CUH-ZCT2U-Controller/dp/B08FY5Z3TV?dchild=1,POWTREE 2 Pack 3.7V 2000mAh Rechargeable Replacement Battery & Charger Kit for Sony PS4 Slim/Pro CUH-ZCT2 or CUH-ZCT2U Wireless dual shock Controller,$19.99,5.0 out of 5 stars,2
www.amazon.com/Controller-Compatible-Playstation-Vibration-Sensitive/dp/B08HN1BH18?dchild=1,"PS4 Wireless Controller Compatible with Playstation 4/Slim/Pro/PC/iPhone,PS4 Remote Gamepad with Dual Vibration,Audio Jack,Sensitive Touch Pad",$23.99,3.8 out of 5 stars,120
www.amazon.com/Witcher-Game-Year-PS4-playstation-4/dp/B01JYW2F1G?dchild=1,The Witcher 3 Game of the Year Edition (PS4),$24.99,4.7 out of 5 stars,"4,888"
www.amazon.com/PS4-Controller-Playstation-Compatible-iOS%E3%80%90Upgraded/dp/B08MX3C9FY?dchild=1,PS4 Controller Wireless Bluetooth Gamepad for Sony Playstation 4 with USB Cable Compatible with Windows PC & Android iOS【Upgraded Version】 Rose Gold,$32.99,3.9 out of 5 stars,369
www.amazon.com/KontrolFreek-PlayStation-Controller-Performance-Thumbsticks-4/dp/B016P09VFS?dchild=1,"KontrolFreek FPS Freek Galaxy Purple for PlayStation 4 (PS4) and PlayStation 5 (PS5) | Performance Thumbsticks | 1 High-Rise, 1 Mid-Rise | Purple",,4.6 out of 5 stars,"12,608"
www.amazon.com/HyperX-Cloud-Gaming-Headset-Entertainment/dp/B07FFK13RY?dchild=1,"HyperX Cloud - Official Playstation Licensed Gaming Headset for PS4 and PS5 with in-Line Audio Control, Detachable Noise Cancelling Microphone, Comfortable Memory Foam - Black",$69.99,4.7 out of 5 stars,"2,561"
www.amazon.com/KontrolFreek-Precision-Control-PlayStation-Controller-4/dp/B07T91Q73K?dchild=1,"KontrolFreek Precision Rings | Aim Assist Motion Control for PlayStation 4 (PS4), PlayStation 5 (PS5), Xbox One, Xbox Series X, Switch Pro & Scuf Controller | Black",$11.99,3.8 out of 5 stars,"1,822"
www.amazon.com/PlayStation-Store-Gift-Card-Digital/dp/B004RMK4BC?dchild=1,$20 PlayStation Store Gift Card [Digital Code],$20.00,4.7 out of 5 stars,"125,934"
www.amazon.com/Controller-Wireless-Playstation-Vibration-Joystick/dp/B07RGHYVRZ?dchild=1,"2 Pack Game Controller for PS4- Double Shock 4 Wireless Controller for Playstation 4 - Joystick with Sixaxis, Bluetooth, Super Power, Micro USB, Multi-Touch Clickable Touch Pad (MLL)",$47.99,3.6 out of 5 stars,"2,471"
www.amazon.com/Sony-Playstation-PS4-Camera-9845252/dp/B01LSFGWR0?dchild=1,"Sony Playstation PS4 Camera, 9845252",,4.6 out of 5 stars,"2,884"
www.amazon.com/ZIUMIER-Canceling-Surround-Over-Ear-Headphones/dp/B07QR85J7B?dchild=1,"ZIUMIER Gaming Headset PS4 Headset, Xbox One Headset with Noise Canceling Mic and Rgb Light, PC Headset with Stereo Surround Sound, Over-Ear Headphones for PC, PS4, Xbox One, Laptop",$21.99,4.3 out of 5 stars,"5,065"
www.amazon.com/Controller-Etpark-Playstation-Vibration-Anti-Slip/dp/B086QZ1Z67?dchild=1,"Etpark Wireless Controller for PS4, Touch Panel Gamepad with Dual Vibration and Audio Function, Anti-Slip Grip and Mini LED Indicator",$25.99,3.9 out of 5 stars,"1,439"
www.amazon.com/Controller-Lyyes-Doubleshock-Vibration-Playstation/dp/B088QT5SFH?dchild=1,"PS4 Controller,Lyyes PS4 Wireless Controller Doubleshock Vibration Joystick Gamepad for Playstation 4 (Black-red)",$24.99,4.0 out of 5 stars,246
www.amazon.com/DualShock-Wireless-Controller-PlayStation-Camo-4/dp/B07WK527B3?dchild=1,DualShock 4 Wireless Controller for PlayStation 4 - Red Camo,,4.7 out of 5 stars,"4,570"
www.amazon.com/Clip-Apostles-Beach/dp/B01N3CDIVC?dchild=1,Clip: Forza Horizon 3 Gameplay,$0.99,3.1 out of 5 stars,3
www.amazon.com/Lego-Marvel-Collection-PlayStation-4/dp/B07NDVYF25?dchild=1,LEGO Marvel Collection - PlayStation 4,$19.99,4.8 out of 5 stars,"4,032"
www.amazon.com/Five-Nights-Freddys-Core-Collection-PlayStation/dp/B08L93C4KV?dchild=1,Five Nights at Freddy's: the Core Collection (PS4) - PlayStation 4,$33.88,4.7 out of 5 stars,40
www.amazon.com/TERIOS-Controllers-Compatible-Playstation-Rechargeable/dp/B08L64B2X4?dchild=1,"TERIOS Wireless Controllers Compatible with Playstation 4 Game Controllers for PS4 Pro/Ps4 Slim, Built-in Speaker & Stereo Headset Jack Multitouch Pad Rechargeable Lithium Battery (Orange)",$32.99,4.1 out of 5 stars,"1,104"
www.amazon.com/Wireless-Controllers-Playstation-Joystick-Diamond/dp/B07PVLQ1XR?dchild=1,"2 Pack Wireless Controllers for PS4 and Joystick for Playstation 4 Control - YU33 for DS4 Remote Joystick Support Playstation 4,Pro/Slim PS4,PC,PS TVs,Smart TV（Black+Red Diamond）",$46.99,3.9 out of 5 stars,"1,151"
www.amazon.com/dp/B08VF8JXV2?dchild=1,Monster Hunter World: Game Guidе,$2.99,,
www.amazon.com/Re-ZERO-Prophecy-Throne-Collectors-PlayStation/dp/B08974G2TY?dchild=1,Re:ZERO – The Prophecy of the Throne Collector’s Edition – PlayStation 4,$89.99,,
www.amazon.com/Number-one-Multifunction-Organizer-Controllers-Compatible-Accessories/dp/B08NW8DJWJ?dchild=1,"Number-one Game Storage Tower Bracket, Multifunction Gaming Disks Organizer Rack, Most Storage 10 Disk, 2 Headsets Stand 4 Controllers Holder Compatible with PS5/PS4/SwitchPro/XBOX Series Accessories",$27.99,,
www.amazon.com/NBA-2K21-450-Digital-Code/dp/B08HJ88122?dchild=1,"NBA 2K21: 450,000 VC - PS4 [Digital Code]",$99.99,4.5 out of 5 stars,85
www.amazon.com/Controllers-Playstation-YU33-Controller-Dualshock/dp/B08K2R71CV?dchild=1,"Wireless Controllers for PS4, Wireless Remote Control for Sony Playstation 4, YU33 PS4 Joystick Gamepad for Ps4 Controller with Dualshock and Charging Cable, 3rd-Party Works, Rose Gold",$26.99,3.6 out of 5 stars,23
www.amazon.com/Etpark-Controller-Playstation-Professional-Gamepad/dp/B08LVGWXN3?dchild=1,"Etpark PS4 Wired Controller for Playstation 4, Professional USB PS4 Wired Gamepad (Black Wired)",$19.99,4.4 out of 5 stars,97
www.amazon.com/Madden-NFL-21-MVP-PlayStation-4/dp/B089CY37LB?dchild=1,Madden NFL 21 MVP Edition - PlayStation 4,$43.99,4.6 out of 5 stars,471
www.amazon.com/PlayStation-Plus-Month-Membership-Digital/dp/B004RMK5QG?dchild=1,PlayStation Plus: 12 Month Membership [Digital Code],$59.96,4.8 out of 5 stars,"67,692"
www.amazon.com/Kootek-Stand-PS4-PlayStation-Controller/dp/B01EJ9DMQQ?dchild=1,Kootek Vertical Stand for PS4 Slim / Regular PlayStation 4 Cooling Fan Controller Charging Station with Game Storage and Dualshock Charger ( Not for PS4 Pro ),$19.99,4.2 out of 5 stars,"5,859"
www.amazon.com/Zombie-Custom-Controller-Shooter-CUH-ZCT2U/dp/B07BHK4KW5?dchild=1,"Smart Zombie PS4 PRO Rapid Fire Custom Modded Controller for All Major Shooter Games, Warzone & More (CUH-ZCT2U)",$129.95,4.0 out of 5 stars,617
www.amazon.com/Replacement-Controller-Thumbsticks-Triggers-Conductive/dp/B08HNDVKFT?dchild=1,"Replacement Parts for PS4 Controller, 4 Thumbsticks + L2 R2 L1 R1 Triggers + ABXY Buttons + D-pad + Springs + 1 Set Silicone Conductive Rubber Pads Repair Kit for PS4 Controller Gen 1",$14.99,4.7 out of 5 stars,14
www.amazon.com/Fifa-21-PS4-PlayStation-4/dp/B08NZNRZ9J?dchild=1,Fifa 21 PS4,$41.89,4.8 out of 5 stars,6
www.amazon.com/Seagate-Portable-External-Hard-Drive/dp/B07CRG7BBH?dchild=1,"Seagate Portable 1TB External Hard Drive HDD – USB 3.0 for PC, Mac, PS4, & Xbox, 1-year Rescue Service (STGX1000400)",$47.99,4.7 out of 5 stars,"94,134"
www.amazon.com/Lilyhood-Controller-Playstation-Professional-Gamepad/dp/B07NYVK9BT?dchild=1,"Etpark PS4 Wired Controller for Playstation 4, Professional USB PS4 Wired Gamepad (Black Wired)",$19.99,3.9 out of 5 stars,"3,369"
www.amazon.com/Paw-Patrol-Roll-PlayStation-4/dp/B07FPGN4L4?dchild=1,Paw Patrol On A Roll - PlayStation 4,$19.99,4.7 out of 5 stars,"2,059"
www.amazon.com/Petilleur-Wireless-Bluetooth-Controller-Titanium/dp/B08RWNM7G9?dchild=1,Petilleur PS4 Wireless Bluetooth Game Controller Ps4 Controller with Light bar (Titanium Blue),$27.99,4.6 out of 5 stars,3
www.amazon.com/Red-Dead-Redemption-PS4-playstation-4/dp/B0776YMQN1?dchild=1,Red Dead Redemption 2 (PS4),$37.77,4.7 out of 5 stars,"1,835"
www.amazon.com/OIVO-Controller-Holder-Foldable-Headphones/dp/B088M15RJP?dchild=1,"OIVO Controller Wall Mount Holder for PS3/PS4/PS5/Xbox 360/Xbox One/S/X/Elite/Series S/Series X Controller, Pro Controller, Foldable Wall Mount for Video Game Controller&Headphones -4 Pack",$16.99,4.4 out of 5 stars,551
www.amazon.com/NBA-2K21-PS4-playstation-4/dp/B08HRDRF5H?dchild=1,NBA 2K21 PS4,$34.99,4.8 out of 5 stars,375
www.amazon.com/Superdrive-Racing-steering-vibrations-playstation-4/dp/B08DLJFC55?dchild=1,"Superdrive - Racing steering wheel GS500 with gear lever, pedal and vibrations for PS4, Xbox One, PC, PS3",$79.99,3.8 out of 5 stars,47
www.amazon.com/PlayStation-Store-Gift-Card-Digital/dp/B00GAC1D2G?dchild=1,$10 PlayStation Store Gift Card [Digital Code],$10.00,4.7 out of 5 stars,"49,152"
www.amazon.com/ABKONCORE-B719M-Headphone-Noise-Canceling-Microphone/dp/B088GJ9XKF?dchild=1,"ABKONCORE B719M Pro Gaming Headset with Superb 7.1 Sound Card, Gaming Headphone for PS4, PC, Xbox one, Switch, Laptop, Mac with Noise-Canceling Microphone, Bass Vibration, RGB Light, In-line Control",$29.99,4.3 out of 5 stars,117
