Name,Price,Rating,Review Counts,link
PlayStation 4 Console - 1TB Slim Edition,$394.00,4.8 out of 5 stars,"3,755",https://www.amazon.com//PlayStation-4-Console-1TB-Slim/dp/B074LRF639/ref=sr_1_1?dchild=1&keywords=ps4&qid=1611995899&sr=8-1
"SONY PlayStation 4 Slim 1TB Console, Light & Slim PS4 System, 1TB Hard Drive, All the Greatest Games, TV, Music & More",$489.95,4.7 out of 5 stars,512,https://www.amazon.com//PlayStation-Console-Light-System-Greatest-4/dp/B077QT6K94/ref=sr_1_2?dchild=1&keywords=ps4&qid=1611995899&sr=8-2
Sony PlayStation 4 Pro 1TB Console - Black (PS4 Pro),$629.00,4.7 out of 5 stars,"2,799",https://www.amazon.com//Sony-PlayStation-Pro-1TB-Console-4/dp/B07K14XKZH/ref=sr_1_3?dchild=1&keywords=ps4&qid=1611995899&sr=8-3
DualShock 4 Wireless Controller for PlayStation 4 - Gold,$64.99,4.7 out of 5 stars,"86,264",https://www.amazon.com//DualShock-Wireless-Controller-PlayStation-Gold-4/dp/B071RSSMLL/ref=sr_1_4?dchild=1&keywords=ps4&qid=1611995899&sr=8-4
Amazon.com Gift Card Balance Reload,$50.00,4.6 out of 5 stars,"230,532",https://www.amazon.com//gp/slredirect/picassoRedirect.html/ref=pa_sp_mtf_aps_sr_pg1_1?ie=UTF8&adId=A004689522CQ1XD7SZYB7&url=%2FAmazon-com-Gift-Card-Balance-Reload%2Fdp%2FB00IX1I3G6%2Fref%3Dsr_1_5_sspa%3Fdchild%3D1%26keywords%3Dps4%26qid%3D1611995899%26sr%3D8-5-spons%26psc%3D1&qualifier=1611995899&id=2051570543483294&widgetName=sp_mtf
PlayStation 4 Slim 1TB Console - Marvel's Spider-Man Bundle [Discontinued],$426.49,4.7 out of 5 stars,"2,053",https://www.amazon.com//PlayStation-Slim-1TB-Console-Spider-Man-4/dp/B07HHW8C4V/ref=sr_1_6?dchild=1&keywords=ps4&qid=1611995899&sr=8-6
DualShock 4 Wireless Controller for PlayStation 4 - Midnight Blue,$64.99,4.7 out of 5 stars,"86,264",https://www.amazon.com//DualShock-Wireless-Controller-PlayStation-Midnight-4/dp/B0799976M1/ref=sr_1_7?dchild=1&keywords=ps4&qid=1611995899&sr=8-7
"Turtle Beach Recon 70 Gaming Headset for PlayStation 5, PS4 Pro, PS4, Xbox One & Xbox Series X|S, Nintendo Switch, PC, and Mobile",$39.95,4.5 out of 5 stars,"40,210",https://www.amazon.com//Turtle-Gaming-Headset-PlayStation-Nintendo-4/dp/B07NQX1J99/ref=sr_1_8?dchild=1&keywords=ps4&qid=1611995899&sr=8-8
Turtle Beach Stealth 600 Gen 2 Wireless Gaming Headset for PlayStation 5 and PlayStation 4,$99.95,4.6 out of 5 stars,"4,039",https://www.amazon.com//Stealth-Wireless-Gaming-Headset-PlayStation-Console/dp/B08D46V1TK/ref=sr_1_9?dchild=1&keywords=ps4&qid=1611995899&sr=8-9
"Orzly Gaming Headset for PC and Gaming Consoles PS5, PS4, Xbox Series X | S, Xbox ONE, Nintendo Switch & Google Stadia Stereo Sound Headphones with Noise Cancelling mic - Hornet RXH-20 Abyss Edition",$34.99,4.3 out of 5 stars,693,https://www.amazon.com//gp/slredirect/picassoRedirect.html/ref=pa_sp_mtf_aps_sr_pg1_1?ie=UTF8&adId=A04349833LT9OWRF8KCMF&url=%2FOrzly-Consoles-Nintendo-Headphones-Cancelling%2Fdp%2FB08HL9Y8G3%2Fref%3Dsr_1_10_sspa%3Fdchild%3D1%26keywords%3Dps4%26qid%3D1611995899%26sr%3D8-10-spons%26psc%3D1&qualifier=1611995899&id=2051570543483294&widgetName=sp_mtf
"Orzly Gaming Headset for PC and Gaming Consoles PS5, PS4, Xbox Series X | S, Xbox ONE, Nintendo Switch & Google Stadia Stereo Sound Headphones with Noise Cancelling mic - Hornet RXH-20 Abyss Edition",$34.99,4.3 out of 5 stars,693,https://www.amazon.com//Orzly-Consoles-Nintendo-Headphones-Cancelling/dp/B08HL9Y8G3/ref=sr_1_11?dchild=1&keywords=ps4&qid=1611995899&sr=8-11
"Game Controller for PS4,Wireless Controller for Playstation 4 with Dual Vibration Game Joystick (White)",$27.99,3.8 out of 5 stars,"6,141",https://www.amazon.com//PS4-Controller-DualShock-Playstation-Transparent/dp/B07MWSKN4V/ref=sr_1_12?dchild=1&keywords=ps4&qid=1611995899&sr=8-12
Marvel's Spider-Man: Miles Morales (PS4),$70.09,4.5 out of 5 stars,41,https://www.amazon.com//Marvels-Spider-Man-Miles-Morales-playstation-4/dp/B08KSN7GF4/ref=sr_1_13?dchild=1&keywords=ps4&qid=1611995899&sr=8-13
Playstation Move Twin Pack (PS4),N/A,4.5 out of 5 stars,"3,980",https://www.amazon.com//Playstation-Move-Twin-Pack-PS4-4/dp/B079JCLPBC/ref=sr_1_14?dchild=1&keywords=ps4&qid=1611995899&sr=8-14
Sades SA920 3.5mm Wired Stereo Gaming Over Ear Headset with Microphone and Revolution Volume Control for Xbox One / Xbox 360 / PS4 / PC /Cell phones / iPad (Black/White),$19.99,4.1 out of 5 stars,"1,454",https://www.amazon.com//gp/slredirect/picassoRedirect.html/ref=pa_sp_mtf_aps_sr_pg1_1?ie=UTF8&adId=A10327261BM1M53I71JF5&url=%2FVersion-Headphones-Sades-Headset-Microphone%2Fdp%2FB0749HKP56%2Fref%3Dsr_1_15_sspa%3Fdchild%3D1%26keywords%3Dps4%26qid%3D1611995899%26sr%3D8-15-spons%26psc%3D1&qualifier=1611995899&id=2051570543483294&widgetName=sp_mtf
$50 PlayStation Store Gift Card [Digital Code],$50.00,4.7 out of 5 stars,"125,660",https://www.amazon.com//PlayStation-Store-Gift-Card-Digital/dp/B004RMK4P8/ref=sr_1_16?dchild=1&keywords=ps4&qid=1611995899&sr=8-16
Collective Minds Strike Pack F.P.S. Dominator Controller Adapter with MODS & Paddles for PS4,$37.74,4.2 out of 5 stars,"17,273",https://www.amazon.com//Collective-Dominator-Controller-Adapter-playstation-4/dp/B01L8QHXJA/ref=sr_1_17?dchild=1&keywords=ps4&qid=1611995899&sr=8-17
"Logitech Dual-Motor Feedback Driving Force G29 Gaming Racing Wheel with Responsive Pedals for PlayStation 5, PlayStation 4 and PlayStation 3 - Black",N/A,4.7 out of 5 stars,"12,920",https://www.amazon.com//Logitech-Dual-motor-Feedback-Responsive-PlayStation/dp/B00Z0UWWYC/ref=sr_1_18?dchild=1&keywords=ps4&qid=1611995899&sr=8-18
MLB The Show 20 - Playstation 4,$21.00,4.6 out of 5 stars,18,https://www.amazon.com//MLB-Show-20-Playstation-4/dp/B08R5DXQD1/ref=sr_1_19?dchild=1&keywords=ps4&qid=1611995899&sr=8-19
PS5 Vertical Stand w/Dual Cooling Fans – Playstation Controller Charging Dock – 3 USB Ports for Data Transfer,$34.99,N/A,N/A,https://www.amazon.com//gp/slredirect/picassoRedirect.html/ref=pa_sp_btf_aps_sr_pg1_1?ie=UTF8&adId=A0498984DQ8GWI6D8XEH&url=%2FVertical-Stand-Dual-Cooling-Fans%2Fdp%2FB08PQ6XJRQ%2Fref%3Dsr_1_20_sspa%3Fdchild%3D1%26keywords%3Dps4%26qid%3D1611995899%26sr%3D8-20-spons%26psc%3D1&qualifier=1611995899&id=2051570543483294&widgetName=sp_btf
"AimControllers PS4 Controller with Paddles Custom Wireless, Playstation 4 Personalized Gamepad, Paddles - Black and Pink",$139.99,3.5 out of 5 stars,10,https://www.amazon.com//gp/slredirect/picassoRedirect.html/ref=pa_sp_btf_aps_sr_pg1_1?ie=UTF8&adId=A03266993NYRH79C2GALD&url=%2FAimControllers-Controller-Wireless-Playstation-Personalized%2Fdp%2FB08BCSHL2R%2Fref%3Dsr_1_21_sspa%3Fdchild%3D1%26keywords%3Dps4%26qid%3D1611995899%26sr%3D8-21-spons%26psc%3D1&qualifier=1611995899&id=2051570543483294&widgetName=sp_btf
SADES Stereo Gaming Headset -Spirits- Headphones with Noise-Reduction Microphone & Control-Remote for PC Computers Laptop PS4 New Xbox One Cellphones Tablets - Pink,$24.99,4.4 out of 5 stars,127,https://www.amazon.com//gp/slredirect/picassoRedirect.html/ref=pa_sp_btf_aps_sr_pg1_1?ie=UTF8&adId=A03831751V50FGK1E4038&url=%2FSADES-Headphones-Noise-Reduction-Microphone-Control-Remote%2Fdp%2FB0855GJDHC%2Fref%3Dsr_1_22_sspa%3Fdchild%3D1%26keywords%3Dps4%26qid%3D1611995899%26sr%3D8-22-spons%26psc%3D1%26smid%3DA2S1SAMB527ZKU&qualifier=1611995899&id=2051570543483294&widgetName=sp_btf
"Volutz Equilibrium Series Nylon Braided Micro-USB to USB Cable - Assorted Lengths (10 Feet, 6.5 Feet, 3X 3.3 Feet), Pack of 5",$15.98,4.5 out of 5 stars,"7,322",https://www.amazon.com//gp/slredirect/picassoRedirect.html/ref=pa_sp_atf_next_aps_sr_pg2_1?ie=UTF8&adId=A0558679WGXBYZKHRXEY&url=%2FVolutz-Braided-Charging-Android-Windows%2Fdp%2FB00T38OHQ8%2Fref%3Dsr_1_17_sspa%3Fdchild%3D1%26keywords%3Dps4%26qid%3D1611995902%26sr%3D8-17-spons%26psc%3D1&qualifier=1611995902&id=1386646766565223&widgetName=sp_atf_next
"HyperX Cloud Flight - Wireless Gaming Headset, with Long Lasting Battery Upto 30 hours of Use, Detachable Noise Cancelling Microphone, Red LED Light, Bass, Comfortable Memory Foam, PS4, PC, PS4 Pro",$124.99,4.4 out of 5 stars,"6,641",https://www.amazon.com//gp/slredirect/picassoRedirect.html/ref=pa_sp_atf_next_aps_sr_pg2_1?ie=UTF8&adId=A075877030DPM54719PTE&url=%2FHyperX-Cloud-Flight-Detachable-Comfortable%2Fdp%2FB077ZGRY9V%2Fref%3Dsr_1_18_sspa%3Fdchild%3D1%26keywords%3Dps4%26qid%3D1611995902%26sr%3D8-18-spons%26psc%3D1&qualifier=1611995902&id=1386646766565223&widgetName=sp_atf_next
PlayStation 4 Slim 1TB Console,N/A,4.8 out of 5 stars,"10,926",https://www.amazon.com//PlayStation-4-Slim-1TB-Console/dp/B071CV8CG2/ref=sr_1_19?dchild=1&keywords=ps4&qid=1611995902&sr=8-19
PlayStation 4 Pro 1TB Console,N/A,4.8 out of 5 stars,"10,004",https://www.amazon.com//PlayStation-4-Pro-1TB-Console/dp/B01LOP8EZC/ref=sr_1_20?dchild=1&keywords=ps4&qid=1611995902&sr=8-20
PlayStation 4 500GB Console [Old Model][Discontinued],N/A,4.6 out of 5 stars,"12,739",https://www.amazon.com//PlayStation-500GB-Console-Model-Discontinued-4/dp/B00BGA9WK2/ref=sr_1_21?dchild=1&keywords=ps4&qid=1611995902&sr=8-21
PlayStation 4 Slim 500GB Console [Discontinued],$382.00,4.6 out of 5 stars,"1,268",https://www.amazon.com//PlayStation-4-Slim-500GB-Console-Discontinued/dp/B01M0RU6LY/ref=sr_1_22?dchild=1&keywords=ps4&qid=1611995902&sr=8-22
Holiday Ultimate Bundle Playstation 4 1TB Slim w/bonus Marvel's Spider-Man: Game of The Year Edition,N/A,4.7 out of 5 stars,689,https://www.amazon.com//Holiday-Ultimate-Playstation-Marvels-Spider-Man/dp/B082Z7GLS1/ref=sr_1_23?dchild=1&keywords=ps4&qid=1611995902&sr=8-23
Call Of Duty: Modern Warfare PS4 Pro Bundle (PS4),N/A,4.6 out of 5 stars,394,https://www.amazon.com//Call-Duty-Modern-Warfare-Bundle/dp/B07YM1VZLR/ref=sr_1_24?dchild=1&keywords=ps4&qid=1611995902&sr=8-24
PlayStation VR Marvel's Iron Man VR Bundle,$349.99,4.6 out of 5 stars,30,https://www.amazon.com//PlayStation-Marvels-Iron-Man-Bundle-4/dp/B08NRGF2DL/ref=sr_1_25?dchild=1&keywords=ps4&qid=1611995902&sr=8-25
DualShock 4 Wireless Controller for PlayStation 4 - Magma Red,$64.98,4.7 out of 5 stars,"86,264",https://www.amazon.com//DualShock-Wireless-Controller-PlayStation-Magma-4/dp/B01MD19OI2/ref=sr_1_26?dchild=1&keywords=ps4&qid=1611995902&sr=8-26
"PS4 Slim Pro Controller Charger Vertical Stand Cooler, Likorlove Multifunctional Cooling Holder Charging Station with LED Indicators 10PCS Games Storage Dock Compatible for Playstation 4",$26.99,4.4 out of 5 stars,394,https://www.amazon.com//gp/slredirect/picassoRedirect.html/ref=pa_sp_mtf_aps_sr_pg2_1?ie=UTF8&adId=A09617022GNFHB64IRK7H&url=%2FController-Likorlove-Multifunctional-Indicators-Playstation%2Fdp%2FB08C2939YH%2Fref%3Dsr_1_27_sspa%3Fdchild%3D1%26keywords%3Dps4%26qid%3D1611995902%26sr%3D8-27-spons%26psc%3D1&qualifier=1611995902&id=1386646766565223&widgetName=sp_mtf
"RGB LED Gaming Headset for PC, Xbox One, PS4, Ultralight Over-Ear Headphones with Noise Cancelling MIC, Stereo Surround Sound Earphones, Gift idea for Kids, boy, Teen, Gamer",$23.99,4.5 out of 5 stars,112,https://www.amazon.com//gp/slredirect/picassoRedirect.html/ref=pa_sp_mtf_aps_sr_pg2_1?ie=UTF8&adId=A02869091G7PMP7MSKM5C&url=%2FSVYHUOK-Ultralight-Headphones-Cancelling-Light%25EF%25BC%258CStereo%2Fdp%2FB07WSXT1K5%2Fref%3Dsr_1_28_sspa%3Fdchild%3D1%26keywords%3Dps4%26qid%3D1611995902%26sr%3D8-28-spons%26psc%3D1&qualifier=1611995902&id=1386646766565223&widgetName=sp_mtf
"VOYEE Gaming Headset Replacement for Xbox/PC/PS5/PS4 Headset, Wired Noise Canceling Over Ear Headphone with Mic/Surround Sound/LED Light Compatible with Switch/PC/PS5/PS4/Xbox One/Laptop/Tablet/Mac",$20.99,4.7 out of 5 stars,40,https://www.amazon.com//VOYEE-Replacement-Canceling-Headphone-Compatible/dp/B08LBBQQRL/ref=sr_1_29?dchild=1&keywords=ps4&qid=1611995902&sr=8-29
Wireless Bluetooth Controller for Playstation 4 with Dual Vibration Compatible with Windows PC & Android OS-Red Camouflage,$29.99,4.6 out of 5 stars,525,https://www.amazon.com//Bluetooth-Controller-Playstation-Compatible-Camouflage/dp/B08MTV7Z2V/ref=sr_1_30?dchild=1&keywords=ps4&qid=1611995902&sr=8-30
"HyperX Cloud Stinger Core – Wireless Gaming Headset, for PS4, PS5, PC, Lightweight, Durable Steel Sliders, Noise-Cancelling Microphone - White",$79.99,4.5 out of 5 stars,505,https://www.amazon.com//HyperX-Cloud-Stinger-Core-Noise-Cancelling/dp/B08BTHXJFN/ref=sr_1_31?dchild=1&keywords=ps4&qid=1611995902&sr=8-31
"EasySMX PC Headset, Headset with Mic, 7.1 Surround Sound, On-Earcup Control, RGB LED Lights, PS4 Gaming Headset",$39.99,4.7 out of 5 stars,12,https://www.amazon.com//EasySMX-Headset-Surround-Earcup-Control/dp/B08C7KSPSB/ref=sr_1_32?dchild=1&keywords=ps4&qid=1611995902&sr=8-32
Marvel's Spider-Man: Miles Morales Launch Edition - PlayStation 4,$49.88,4.9 out of 5 stars,"7,646",https://www.amazon.com//Marvels-Spider-Man-Miles-Morales-Launch-PlayStation/dp/B08JHVG9ZJ/ref=sr_1_33?dchild=1&keywords=ps4&qid=1611995902&sr=8-33
PowerA USB Charging Cable for PlayStation 4,$6.99,4.6 out of 5 stars,"25,313",https://www.amazon.com//PowerA-USB-Charging-Cable-PlayStation-4/dp/B00HUXPZPK/ref=sr_1_34?dchild=1&keywords=ps4&qid=1611995902&sr=8-34
Danganronpa Trilogy (PS4),$59.69,4.8 out of 5 stars,893,https://www.amazon.com//Danganronpa-Trilogy-PS4-playstation-4/dp/B07MHPPBQ7/ref=sr_1_35?dchild=1&keywords=ps4&qid=1611995902&sr=8-35
"Game Controller for PS4 (Electric Purple), Dual Vibration Compatible with Windows PC & Android OS, Wireless Bluetooth Controller for Playstation 4",$31.49,3.8 out of 5 stars,48,https://www.amazon.com//Controller-Vibration-Compatible-Bluetooth-Playstation/dp/B08LGCGFGK/ref=sr_1_36?dchild=1&keywords=ps4&qid=1611995902&sr=8-36
"Xbox One,PS4 PS5 Stereo Gaming Headset, 3.5mm Wired Over Ear Noise Cancelling Gaming Headphones with Mic & Volume Control & Bass Surround for Mac/PC/Laptop",$19.99,4.4 out of 5 stars,178,https://www.amazon.com//gp/slredirect/picassoRedirect.html/ref=pa_sp_btf_aps_sr_pg2_1?ie=UTF8&adId=A02058972J6QO16MXIAED&url=%2FStereo-Headset%25EF%25BC%258C3-5mm-Cancelling-Headphones-Control-Surround%2Fdp%2FB07SDTFCGN%2Fref%3Dsr_1_37_sspa%3Fdchild%3D1%26keywords%3Dps4%26qid%3D1611995902%26sr%3D8-37-spons%26psc%3D1&qualifier=1611995902&id=1386646766565223&widgetName=sp_btf
"Xbox Headset, Stereo Surround Sound Gaming Headset with Mic&LED Light&Noise Cancelling for Xbox One,PS4, PS5 Over Ear Headphones with Mic for PC Laptop Mac Nintendo Switch, Computer Games",$16.99,4.4 out of 5 stars,415,https://www.amazon.com//gp/slredirect/picassoRedirect.html/ref=pa_sp_btf_aps_sr_pg2_1?ie=UTF8&adId=A02055613T06DH487BVQK&url=%2FSADES-SA810GT-Nintendo-Cancelling-Headphones%2Fdp%2FB08867MKF2%2Fref%3Dsr_1_38_sspa%3Fdchild%3D1%26keywords%3Dps4%26qid%3D1611995902%26sr%3D8-38-spons%26psc%3D1&qualifier=1611995902&id=1386646766565223&widgetName=sp_btf
"Gaming Headset for New Xbox One PS4 PC Laptop Tablet with Mic, Over Ear Headphones, Noise Canceling, Stereo Bass Surround for Kids Mac Smartphones Cellphone … (red)",$21.99,4.5 out of 5 stars,204,https://www.amazon.com//gp/slredirect/picassoRedirect.html/ref=pa_sp_atf_next_aps_sr_pg3_1?ie=UTF8&adId=A02031821XR1DBXPZ2NVW&url=%2FHeadphones-Canceling-Surround-Smartphones-Cellphone%2Fdp%2FB07GJHBJNT%2Fref%3Dsr_1_33_sspa%3Fdchild%3D1%26keywords%3Dps4%26qid%3D1611995904%26sr%3D8-33-spons%26psc%3D1&qualifier=1611995904&id=1380305938693084&widgetName=sp_atf_next
"SADES SA810 Stereo Gaming Headset for Xbox One, PS4, PC, Controller, Surround Sound Over-Ear Headphones with Noise Cancelling Mic, Light Weight Design Volume Control for Laptop Mac Compute",$25.99,4.3 out of 5 stars,182,https://www.amazon.com//gp/slredirect/picassoRedirect.html/ref=pa_sp_atf_next_aps_sr_pg3_1?ie=UTF8&adId=A084942740SCRFXH2LVF&url=%2FSADES-Over-Ear-Headphones-Canceling-Smartphone%2Fdp%2FB07CGL1XWJ%2Fref%3Dsr_1_34_sspa%3Fdchild%3D1%26keywords%3Dps4%26qid%3D1611995904%26sr%3D8-34-spons%26psc%3D1&qualifier=1611995904&id=1380305938693084&widgetName=sp_atf_next
"Christmas Alpine Green and Red Camo PS4 Controller 2 Pack - AUGEX Wireless PS4 Remote Control for Sony Playstation 4（Red Camouflage and Green Joystick PS4,2020 New）…",$52.88,4.5 out of 5 stars,280,https://www.amazon.com//Christmas-Alpine-Green-Camo-Controller/dp/B08HYJ9TW5/ref=sr_1_35?dchild=1&keywords=ps4&qid=1611995904&sr=8-35
"PUNWEOS Wireless PS4 Controller for Playstation 4, DualShock 4 Game Controller with Gyro/HD Dual Vibration/Touch Panel/LED Indicator Gamepad Remote Joystick for Playstation 4/Pro/Slim(Red)",$38.99,4.3 out of 5 stars,73,https://www.amazon.com//PUNWEOS-Controller-Playstation-DualShock-Vibration/dp/B08L6P6SMH/ref=sr_1_36?dchild=1&keywords=ps4&qid=1611995904&sr=8-36
$100 PlayStation Store Gift Card [Digital Code],$100.00,4.7 out of 5 stars,"125,690",https://www.amazon.com//PlayStation-Store-Gift-Card-Digital/dp/B00K59HKIQ/ref=sr_1_37?dchild=1&keywords=ps4&qid=1611995904&sr=8-37
"XIBERIA Wireless Gaming Headset for PS4,PC with Microphone,Lossless 2.4GHz Ultra-Low Latency,Double Chamber Drivers,Noise Cancelling MIC,Long Battery Life（Xbox One in Wired Mode）",$49.99,4.2 out of 5 stars,172,https://www.amazon.com//XIBERIA-Microphone-Ultra-Low-Cancelling-Life%EF%BC%88Xbox/dp/B08J82VNSW/ref=sr_1_38?dchild=1&keywords=ps4&qid=1611995904&sr=8-38
Cyberpunk 2077 - PlayStation 4,$34.94,3.6 out of 5 stars,"10,158",https://www.amazon.com//Cyberpunk-2077-PlayStation-4/dp/B07DJWBYKP/ref=sr_1_39?dchild=1&keywords=ps4&qid=1611995904&sr=8-39
Minecraft Starter Collection - PlayStation 4,$29.49,4.8 out of 5 stars,"4,392",https://www.amazon.com//Minecraft-Starter-Collection-PlayStation-4/dp/B0815VFZRL/ref=sr_1_40?dchild=1&keywords=ps4&qid=1611995904&sr=8-40
Just Dance 2021 - PlayStation 4 Standard Edition,$25.00,4.8 out of 5 stars,"1,283",https://www.amazon.com//Just-Dance-2021-PlayStation-4-Standard/dp/B08GQW42QK/ref=sr_1_41?dchild=1&keywords=ps4&qid=1611995904&sr=8-41
PS4 Mini Wired Gamepad (Red) by HORI - Officially Licensed by Sony,$29.99,4.6 out of 5 stars,864,https://www.amazon.com//Mini-Wired-Gamepad-HORI-playstation-4/dp/B01A6MKVAA/ref=sr_1_42?dchild=1&keywords=ps4&qid=1611995904&sr=8-42
"Xbox Headset, Stereo Surround Sound Gaming Headset for PS4, PS5, PC, Xbox One, Noise Cancelling Over Ear Headphones with Mic for Laptop Mac Nintendo Switch Games",$23.99,4.4 out of 5 stars,415,https://www.amazon.com//gp/slredirect/picassoRedirect.html/ref=pa_sp_mtf_aps_sr_pg3_1?ie=UTF8&adId=A02054612FDKVQ9RB2SSR&url=%2FSADES-SA810-Cancelling-Headphones-Surround%2Fdp%2FB085ZV4PDF%2Fref%3Dsr_1_43_sspa%3Fdchild%3D1%26keywords%3Dps4%26qid%3D1611995904%26sr%3D8-43-spons%26psc%3D1&qualifier=1611995904&id=1380305938693084&widgetName=sp_mtf
"Xbox Headset, Stereo Gaming Headset with Mic for PS4, PS5, Xbox One, PC, Mobile, Switch, 3.5mm Jack Noise Cancelling Gamer Headphones Lightweight Over Ear Headphones",$21.99,4.3 out of 5 stars,97,https://www.amazon.com//gp/slredirect/picassoRedirect.html/ref=pa_sp_mtf_aps_sr_pg3_1?ie=UTF8&adId=A020540534BKDQHORVZ4O&url=%2FHeadset-L3-Headphone-Cancelling-Nintendo%2Fdp%2FB087LZGGN8%2Fref%3Dsr_1_44_sspa%3Fdchild%3D1%26keywords%3Dps4%26qid%3D1611995904%26sr%3D8-44-spons%26psc%3D1&qualifier=1611995904&id=1380305938693084&widgetName=sp_mtf
$60 PlayStation Store Gift Card [Digital Code],$60.00,4.7 out of 5 stars,"125,660",https://www.amazon.com//PlayStation-Store-Gift-Card-Digital/dp/B00XJZHJCA/ref=sr_1_45?dchild=1&keywords=ps4&qid=1611995904&sr=8-45
"KontrolFreek Call of Duty: Black Ops Cold War Performance Thumbsticks for PlayStation 4 (PS4) and PlayStation 5 (PS5) | 2 High-Rise, Convex | Black/Red",$19.99,4.4 out of 5 stars,248,https://www.amazon.com//KontrolFreek-Call-Duty-Performance-Thumbsticks-PlayStation/dp/B08K977CMV/ref=sr_1_46?dchild=1&keywords=ps4&qid=1611995904&sr=8-46
"Christmas Red Camo PS4 Controller - AUGEX Wireless PS4 Remote Control for Sony Playstation 4（Red Camouflage Joystick PS4,2020 New）",$29.99,4.3 out of 5 stars,108,https://www.amazon.com//Christmas-Red-Camo-PS4-Controller/dp/B08HYQWS53/ref=sr_1_47?dchild=1&keywords=ps4&qid=1611995904&sr=8-47
"KontrolFreek Precision Rings | Aim Assist Motion Control for PlayStation 4 (PS4), PlayStation 5 (PS5), Xbox One, Xbox Series X, Switch Pro & Scuf Controller | 2 Different Strengths",$11.99,3.9 out of 5 stars,"1,689",https://www.amazon.com//KontrolFreek-Precision-PlayStation-Controller-Different-4/dp/B084T8FR3W/ref=sr_1_48?dchild=1&keywords=ps4&qid=1611995904&sr=8-48
"Turtle Beach Recon 50P Gaming Headset for PlayStation 5, PS4 Pro & PS4",$24.95,4.4 out of 5 stars,"15,699",https://www.amazon.com//Turtle-Beach-compatible-controller-Playstation-4/dp/B00YXO5UKY/ref=sr_1_49?dchild=1&keywords=ps4&qid=1611995904&sr=8-49
$25 PlayStation Store Gift Card [Digital Code],$25.00,4.7 out of 5 stars,"125,690",https://www.amazon.com//PlayStation-Store-Gift-Card-Digital/dp/B07C438TMN/ref=sr_1_50?dchild=1&keywords=ps4&qid=1611995904&sr=8-50
NACON Controller Esports Revolution Unlimited Pro V3 PS4 Playstation 4 / PC - Wireless/Wired - Nacon-311608,$138.69,4.0 out of 5 stars,"3,918",https://www.amazon.com//Controller-Revolution-Unlimited-Playstation-Sony-4/dp/B07NDCL3XB/ref=sr_1_51?dchild=1&keywords=ps4&qid=1611995904&sr=8-51
Holiday Family Bundle Sony Playstation 4 1TB Slim- Jet Black,$490.00,4.5 out of 5 stars,84,https://www.amazon.com//Holiday-Family-Bundle-Playstation-Slim/dp/B0822KN151/ref=sr_1_52?dchild=1&keywords=ps4&qid=1611995904&sr=8-52
"PS4 PS5 Headset, SA920 Stereo Gaming Headset,3.5mm Wired Over Ear Noise Cancelling Gaming Headset with Mic & Volume Control & Bass Surround Compatible with PC/Mac/Laptop/Xbox One",$19.99,4.3 out of 5 stars,114,https://www.amazon.com//gp/slredirect/picassoRedirect.html/ref=pa_sp_atf_next_aps_sr_pg4_1?ie=UTF8&adId=A02060533ETG8BB702G44&url=%2FHeadphones%25EF%25BC%258C3-5mm-Cancelling-Surround-Compatible-Laptop%2Fdp%2FB07VF3C5NX%2Fref%3Dsr_1_49_sspa%3Fdchild%3D1%26keywords%3Dps4%26qid%3D1611995906%26sr%3D8-49-spons%26psc%3D1&qualifier=1611995906&id=3120626905885497&widgetName=sp_atf_next
"Xbox Headset, Stereo Surround Sound Gaming Headset with Mic for Xbox One, PS4, PS5, 3.5mm Noise Canceling Wired Over Ear Headphones with Revolution Volume Control for PC, MAC, Nintendo Switch",$15.89,4.4 out of 5 stars,415,https://www.amazon.com//gp/slredirect/picassoRedirect.html/ref=pa_sp_atf_next_aps_sr_pg4_1?ie=UTF8&adId=A02057411FA42W6RQB9W8&url=%2FSADES-SA819-Headphones-Revolution-Canceling%2Fdp%2FB085ZTCG5J%2Fref%3Dsr_1_50_sspa%3Fdchild%3D1%26keywords%3Dps4%26qid%3D1611995906%26sr%3D8-50-spons%26psc%3D1&qualifier=1611995906&id=3120626905885497&widgetName=sp_atf_next
"HORI Racing Wheel Apex for PlayStation 4/3, and PC",$99.99,4.3 out of 5 stars,"1,817",https://www.amazon.com//HORI-Racing-Wheel-Apex-PlayStation-4/dp/B01LZ3AEFP/ref=sr_1_51?dchild=1&keywords=ps4&qid=1611995906&sr=8-51
Call of Duty: Black Ops Cold War (PS4),$49.94,4.6 out of 5 stars,"3,362",https://www.amazon.com//Call-Duty-Black-Cold-PlayStation-4/dp/B08GR4QMC9/ref=sr_1_52?dchild=1&keywords=ps4&qid=1611995906&sr=8-52
DualShock 4 Back Button Attachment - PlayStation 4,$19.96,4.6 out of 5 stars,"4,236",https://www.amazon.com//DualShock-Back-Button-Attachment-PlayStation-4/dp/B082VX16VJ/ref=sr_1_53?dchild=1&keywords=ps4&qid=1611995906&sr=8-53
Madden NFL 21 (PS4),$39.90,4.7 out of 5 stars,900,https://www.amazon.com//Madden-NFL-21-PS4-PlayStation-4/dp/B089L7X4ZV/ref=sr_1_54?dchild=1&keywords=ps4&qid=1611995906&sr=8-54
"Seagate (STGD2000100) Game Drive For PS4 Systems 2TB External Hard Drive Portable HDD – USB 3.0, Officially Licensed Product",$79.99,4.8 out of 5 stars,"18,215",https://www.amazon.com//Seagate-Drive-Systems-External-Portable/dp/B07M9VCHDG/ref=sr_1_55?dchild=1&keywords=ps4&qid=1611995906&sr=8-55
KontrolFreek FPS Freek Inferno for Playstation 4 (PS4) Controller | Performance Thumbsticks | 2 High-Rise Concave | Red,$14.99,4.5 out of 5 stars,"8,213",https://www.amazon.com//KontrolFreek-Playstation-Controller-Performance-Thumbsticks/dp/B01BCO8GLW/ref=sr_1_56?dchild=1&keywords=ps4&qid=1611995906&sr=8-56
Assassin’s Creed Valhalla PlayStation 4 Standard Edition with free upgrade to the digital PS5 version,$34.99,4.7 out of 5 stars,"5,353",https://www.amazon.com//Assassins-Valhalla-PlayStation-Standard-upgrade-4/dp/B087XTT5GZ/ref=sr_1_57?dchild=1&keywords=ps4&qid=1611995906&sr=8-57
"OIVO PS4 Stand Cooling Fan Station for Playstation 4/PS4 Slim/PS4 Pro, PS4 Pro Vertical Stand with Dual Controller EXT Port Charger Dock Station and 12 Game Slots",$27.99,4.5 out of 5 stars,"16,385",https://www.amazon.com//OIVO-Multifunctional-Vertical-Controller-Indicators/dp/B079FPFV3X/ref=sr_1_58?dchild=1&keywords=ps4&qid=1611995906&sr=8-58
JEM&JULES Power Supply Adapter Replacement ADP-160CR N15-160P1A for Sony Playstation 4 PS4 Slim Console CUH-2015A CUH-20XX 500 GB,$70.99,4.6 out of 5 stars,6,https://www.amazon.com//gp/slredirect/picassoRedirect.html/ref=pa_sp_mtf_aps_sr_pg4_1?ie=UTF8&adId=A095617536QOX05LINZ7J&url=%2FJEM-JULES-Replacement-N15-160P1A-Playstation%2Fdp%2FB08GFYHRJH%2Fref%3Dsr_1_59_sspa%3Fdchild%3D1%26keywords%3Dps4%26qid%3D1611995906%26sr%3D8-59-spons%26psc%3D1%26smid%3DAWWQY0QRS8CFS&qualifier=1611995906&id=3120626905885497&widgetName=sp_mtf
"Power Supply ADP-240AR 5 Pin for PS4 Sony Playstation 4 CUH-1001A - 500GB, 5 Prongs",$57.00,4.1 out of 5 stars,51,https://www.amazon.com//gp/slredirect/picassoRedirect.html/ref=pa_sp_mtf_aps_sr_pg4_1?ie=UTF8&adId=A02545583IOBCUZUI16MN&url=%2FPower-Supply-ADP-240AR-Playstation-CUH-1001A%2Fdp%2FB07FND3LRF%2Fref%3Dsr_1_60_sspa%3Fdchild%3D1%26keywords%3Dps4%26qid%3D1611995906%26sr%3D8-60-spons%26psc%3D1%26smid%3DAWWQY0QRS8CFS&qualifier=1611995906&id=3120626905885497&widgetName=sp_mtf
Mortal Kombat,$2.99,4.6 out of 5 stars,"2,153",https://www.amazon.com//Mortal-Kombat-Christopher-Lambert/dp/B004AWV468/ref=sr_1_61?dchild=1&keywords=ps4&qid=1611995906&sr=8-61
Star Wars: Squadrons (PS4),$31.77,4.5 out of 5 stars,"3,198",https://www.amazon.com//Star-Wars-Squadrons-PS4-playstation-4/dp/B08B6QBD53/ref=sr_1_62?dchild=1&keywords=ps4&qid=1611995906&sr=8-62
Sony Camera V2 for PlayStation 4,N/A,4.6 out of 5 stars,"1,778",https://www.amazon.com//Sony-Camera-V2-PlayStation-4/dp/B0731SXXLP/ref=sr_1_63?dchild=1&keywords=ps4&qid=1611995906&sr=8-63
Mafia Trilogy (PS4),$51.41,4.7 out of 5 stars,720,https://www.amazon.com//Mafia-Trilogy-PS4-playstation-4/dp/B088X7PJWF/ref=sr_1_64?dchild=1&keywords=ps4&qid=1611995906&sr=8-64
Days Gone - Playstation 4,$19.99,4.6 out of 5 stars,"8,474",https://www.amazon.com//Days-Gone-Playstation-4/dp/B01GW8XRCG/ref=sr_1_65?dchild=1&keywords=ps4&qid=1611995906&sr=8-65
"Newest Flagship Sony Play Station 4 1TB HDD Only on Playstation PS4 Console Slim Bundle - Included 3X Games (The Last of Us, God of War, Horizon Zero Dawn) 1TB Hard Drive Incredible Games -Jet Black",$493.00,4.7 out of 5 stars,822,https://www.amazon.com//Flagship-Sony-Station-Playstation-Console/dp/B08232YKXB/ref=sr_1_66?dchild=1&keywords=ps4&qid=1611995906&sr=8-66
PlayStation VR - Marvel's Iron Man Bundle,N/A,4.7 out of 5 stars,"1,588",https://www.amazon.com//PlayStation-VR-Marvels-Iron-Bundle-4/dp/B08CD34NZH/ref=sr_1_67?dchild=1&keywords=ps4&qid=1611995906&sr=8-67
"Gaming Headset for PS4 Xbox One PC, Beexcellent Deep Bass PS4 Headset with Noise Immunity Mic, LED Light, Friction-Reduction Cable, High Comfort Earmuff-Camo",$24.99,4.5 out of 5 stars,"9,450",https://www.amazon.com//Beexcellent-Headphone-Cancelling-Breathable-Light%EF%BC%88Camo%EF%BC%89/dp/B07DZZD3LL/ref=sr_1_68?dchild=1&keywords=ps4&qid=1611995906&sr=8-68
"Xbox Headset, Over Ear Stereo Surround Gaming Headset with Noise Cancelling Mic for Xbox One PS4 PS5 PC Laptop Phone Nintendo Switch (Red)",$23.99,4.4 out of 5 stars,415,https://www.amazon.com//gp/slredirect/picassoRedirect.html/ref=pa_sp_atf_next_aps_sr_pg5_1?ie=UTF8&adId=A02056173LSYXKBTWM9U4&url=%2FSA810-Headphones-Isolation-Microphone-Red%2Fdp%2FB087M1JX92%2Fref%3Dsr_1_65_sspa%3Fdchild%3D1%26keywords%3Dps4%26qid%3D1611995907%26sr%3D8-65-spons%26psc%3D1&qualifier=1611995907&id=2060618868258462&widgetName=sp_atf_next
Usee HDMI Splitter 1x2 4K HDMI Amplifier Splitter 1 in 2 Out Support Full HD 1080P 3D for Blu-ray PS4 HDTV STB DVD,$16.19,5.0 out of 5 stars,4,https://www.amazon.com//gp/slredirect/picassoRedirect.html/ref=pa_sp_atf_next_aps_sr_pg5_1?ie=UTF8&adId=A043679923JE50ZFLD7ON&url=%2FUsee-Splitter-Amplifier-Support-Blu-ray%2Fdp%2FB07GTWZS5C%2Fref%3Dsr_1_66_sspa%3Fdchild%3D1%26keywords%3Dps4%26qid%3D1611995907%26sr%3D8-66-spons%26psc%3D1&qualifier=1611995907&id=2060618868258462&widgetName=sp_atf_next
"GAEMS VANGUARD Personal Gaming Environment for Xbox One S, Xbox One, PS4, PS3, Xbox 360 (Consoles Not Included) - Xbox One",$299.25,4.7 out of 5 stars,"1,448",https://www.amazon.com//VANGUARD-Personal-Gaming-Environment-Consoles-Included/dp/B00H0R9DSG/ref=sr_1_67?dchild=1&keywords=ps4&qid=1611995907&sr=8-67
Sony Dualshock 4 Back Button Attachment Playstation 4 PS4,$25.99,4.0 out of 5 stars,634,https://www.amazon.com//Dualshock-Button-Attachment-Playstation-PS4/dp/B082VGDNRP/ref=sr_1_68?dchild=1&keywords=ps4&qid=1611995907&sr=8-68
Hitman 3: Guide to the game,$3.99,N/A,N/A,https://www.amazon.com//Hitman-3-Guide-Amity-Esperanza-ebook/dp/B08TVTG6SV/ref=sr_1_69?dchild=1&keywords=ps4&qid=1611995907&sr=8-69
"KontrolFreek FPS Freek Edge for PlayStation 4 (PS4) and PlayStation 5 (PS5) | Performance Thumbsticks | 1 High-Rise Convex, 1 Low-Rise Convex | Blue",$14.99,4.6 out of 5 stars,"1,427",https://www.amazon.com//KontrolFreek-Performance-Thumbsticks-PlayStation-Controller-4/dp/B06X9GM7QF/ref=sr_1_70?dchild=1&keywords=ps4&qid=1611995907&sr=8-70
Mx Vs ATV All Out: Anniversary Edition - PS4 - PlayStation 4,$29.99,4.4 out of 5 stars,289,https://www.amazon.com//Mx-ATV-All-Out-Anniversary-PlayStation/dp/B07NLQTL4C/ref=sr_1_71?dchild=1&keywords=ps4&qid=1611995907&sr=8-71
Hasbro Family Fun Pack - PlayStation 4 Standard Edition,$20.14,4.5 out of 5 stars,"1,537",https://www.amazon.com//Hasbro-Family-Fun-Pack-PlayStation-Standard/dp/B0156SMZCQ/ref=sr_1_72?dchild=1&keywords=ps4&qid=1611995907&sr=8-72
Ys Ix: Monstrom Nox - Pact Edition - PlayStation 4,$59.99,N/A,N/A,https://www.amazon.com//Ys-Ix-Monstrom-Nox-Pact-PlayStation/dp/B08BQRYJF6/ref=sr_1_73?dchild=1&keywords=ps4&qid=1611995907&sr=8-73
PDP 051-075-NA Bluetooth Enabled Media Remote Control for Playstation 4,$24.99,4.4 out of 5 stars,"5,147",https://www.amazon.com//Bluetooth-Enabled-Remote-Control-Playstation-4/dp/B072C7YZFC/ref=sr_1_74?dchild=1&keywords=ps4&qid=1611995907&sr=8-74
"PS4 Controller Charger, Kailisen Playstation 4 Charging Station for Sony PS4 / PS4 Pro / PS4 Slim DualShock 4 Controller, Dual USB Fast Charging Docking Station Stand with LED Indicator Light",$11.99,3.5 out of 5 stars,3,https://www.amazon.com//gp/slredirect/picassoRedirect.html/ref=pa_sp_mtf_aps_sr_pg5_1?ie=UTF8&adId=A01633022KE8ZFX3NQR2F&url=%2FController-Kailisen-Playstation-Stand-Dual-Indicator%2Fdp%2FB07GX1RCTN%2Fref%3Dsr_1_75_sspa%3Fdchild%3D1%26keywords%3Dps4%26qid%3D1611995907%26sr%3D8-75-spons%26psc%3D1&qualifier=1611995907&id=2060618868258462&widgetName=sp_mtf
"PS4 Controller Charger, atolla Playstation 4 Charging Station with LED Indicators and USB Charging Cable for DualShock 4, PS4 Controller Charger for PS4 / PS4 Slim / PS4 Pro Controller",$13.99,4.6 out of 5 stars,105,https://www.amazon.com//Controller-atolla-Playstation-Indicators-DualShock/dp/B08LR7GMQL/ref=sr_1_76?dchild=1&keywords=ps4&qid=1611995907&sr=8-76
GOD OF WAR PSH - PS4,$34.08,4.8 out of 5 stars,"1,386",https://www.amazon.com//GOD-WAR-PSH-PS4-Gaming-Console/dp/B07Y1SCPHD/ref=sr_1_77?dchild=1&keywords=ps4&qid=1611995907&sr=8-77
WD 2TB Gaming Drive works with Playstation 4 Portable External Hard Drive - WDBDFF0020BBK-WESN,$79.99,4.8 out of 5 stars,"9,348",https://www.amazon.com//Gaming-Drive-Playstation-Portable-External/dp/B07HKMXJLY/ref=sr_1_78?dchild=1&keywords=ps4&qid=1611995907&sr=8-78
"Y Team PS4 Controller Charger, Dual USB PS4 Controller Charging Station for Sony Playstation 4/ PS4/ Slim/ PS4 Pro Charging Dock Stand Station",$13.97,4.6 out of 5 stars,"8,110",https://www.amazon.com//Controller-Charger-Charging-Station-Playstation/dp/B07CTHLS2L/ref=sr_1_79?dchild=1&keywords=ps4&qid=1611995907&sr=8-79
"Thrustmaster T150 RS Racing Wheel (PS4, PC) works with PS5 games",$199.99,4.4 out of 5 stars,"1,545",https://www.amazon.com//Thrustmaster-Racing-PlayStation4-PlayStation3-playstation-2/dp/B014US02ZA/ref=sr_1_80?dchild=1&keywords=ps4&qid=1611995907&sr=8-80
"KontrolFreek FPS Freek Galaxy Purple for PlayStation 4 (PS4) and PlayStation 5 (PS5) | Performance Thumbsticks | 1 High-Rise, 1 Mid-Rise | Purple",N/A,4.6 out of 5 stars,"12,580",https://www.amazon.com//KontrolFreek-PlayStation-Controller-Performance-Thumbsticks-4/dp/B016P09VFS/ref=sr_1_81?dchild=1&keywords=ps4&qid=1611995907&sr=8-81
"VOYEE Controller Replacement for PS4 Controller, Enhanced Wired Controller with Double Shock/Upgraded Joystick Compatible with Sony Playstation 4/Pro/Slim (Black)",$17.99,4.1 out of 5 stars,143,https://www.amazon.com//VOYEE-Controller-Replacement-Compatible-Playstation/dp/B08H16YG88/ref=sr_1_82?dchild=1&keywords=ps4&qid=1611995907&sr=8-82
"2 Pack Controller for PS4,Wireless Controller for Playstation 4 with Dual Vibration Game Joystick (White Blue)",$47.99,3.8 out of 5 stars,"2,708",https://www.amazon.com//PS4-Controller-Pack-Playstation-Transparent/dp/B07MX269TW/ref=sr_1_83?dchild=1&keywords=ps4&qid=1611995907&sr=8-83
"Xbox Headset, Stereo Surround Gaming Headset with Mic for Xbox One, PS4, PS5, 3.5mm Noise Canceling LED Light Wired Over Ear Headphones with Revolution Volume Control for PC, MAC, Nintendo Switch",$25.99,4.4 out of 5 stars,415,https://www.amazon.com//gp/slredirect/picassoRedirect.html/ref=pa_sp_atf_next_aps_sr_pg6_1?ie=UTF8&adId=A02059535MCVI2LS3KZS&url=%2FSADES-SA819GT-Headphones-Revolution-Canceling%2Fdp%2FB088ND636X%2Fref%3Dsr_1_81_sspa%3Fdchild%3D1%26keywords%3Dps4%26qid%3D1611995909%26sr%3D8-81-spons%26psc%3D1&qualifier=1611995909&id=6268023781385802&widgetName=sp_atf_next
Sofunii 2 Pack Silicone Controller Skins Anti-Slip Cover Case Protector Sleeve for Playstation 5 /PS5 Controller with 4 Pack Paw Prints Thumb Grips (Black),$12.99,4.6 out of 5 stars,31,https://www.amazon.com//gp/slredirect/picassoRedirect.html/ref=pa_sp_atf_next_aps_sr_pg6_1?ie=UTF8&adId=A083493122Z6NLPQE0RRZ&url=%2FSofunii-Controller-Anti-Slip-Protector-Playstation%2Fdp%2FB08MKTHTBG%2Fref%3Dsr_1_82_sspa%3Fdchild%3D1%26keywords%3Dps4%26qid%3D1611995909%26sr%3D8-82-spons%26psc%3D1&qualifier=1611995909&id=6268023781385802&widgetName=sp_atf_next
PlayStation Move Motion Controllers - Two Pack,N/A,4.6 out of 5 stars,"2,460",https://www.amazon.com//PlayStation-Move-Motion-Controllers-Pack-4/dp/B07B4BFC6S/ref=sr_1_83?dchild=1&keywords=ps4&qid=1611995909&sr=8-83
"NETGEAR Wi-Fi Range Extender EX3700 - Coverage Up to 1000 Sq Ft and 15 Devices with AC750 Dual Band Wireless Signal Booster & Repeater (Up to 750Mbps Speed), and Compact Wall Plug Design",$26.99,3.9 out of 5 stars,"45,576",https://www.amazon.com//NETGEAR-Wi-Fi-Range-Extender-EX3700/dp/B00R92CL5E/ref=sr_1_84?dchild=1&keywords=ps4&qid=1611995909&sr=8-84
Red Dead Redemption 2 (PS4),$36.70,4.7 out of 5 stars,"7,830",https://www.amazon.com//Red-Dead-Redemption-2-PS4-England/dp/B01M65RD19/ref=sr_1_85?dchild=1&keywords=ps4&qid=1611995909&sr=8-85
"ASTRO Gaming A10 Gaming Headset - Blue - PlayStation 5, PlayStation 4",N/A,4.4 out of 5 stars,"3,684",https://www.amazon.com//ASTRO-Gaming-A10-Headset-Blue-PlayStation/dp/B0711V7BV6/ref=sr_1_86?dchild=1&keywords=ps4&qid=1611995909&sr=8-86
WEPIGEEK PS4 Wireless Controller Phone Clip Mount Holder Stand Bracket Compatible with Playstation Pro/Slim Dualshock 4,$9.99,4.2 out of 5 stars,526,https://www.amazon.com//WEPIGEEK-Controller-Compatible-PlayStation-Dualshock/dp/B081MZ26RD/ref=sr_1_87?dchild=1&keywords=ps4&qid=1611995909&sr=8-87
"Game Controller for PS4 (Blue Camouflage), PICTEK Wireless Rechargeable, Dual Vibration Compatible with Windows PC & Android OS, Wireless Bluetooth Controller for Playstation 4",$31.49,4.5 out of 5 stars,392,https://www.amazon.com//Controller-Camouflage-Rechargeable-Compatible-Playstation/dp/B08MZR6KL1/ref=sr_1_88?dchild=1&keywords=ps4&qid=1611995909&sr=8-88
"PS4 Controller Charger Dock Station, OIVO Controller Charging Dock with Upgraded 1.8Hours-Charging Chip, Charging Dock Station Compatible with Playstation 4 Controller (Regular/Slim/Pro)",$13.99,4.7 out of 5 stars,"5,779",https://www.amazon.com//Controller-Charger-Charging-Indicators-X02-Blue/dp/B075YBBQMM/ref=sr_1_89?dchild=1&keywords=ps4&qid=1611995909&sr=8-89
"2 Pack Controller for PS4,Wireless Controller for Playstation 4 with Dual Vibration Game Joystick (Midnight Blue)",$46.99,3.7 out of 5 stars,"2,295",https://www.amazon.com//Controller-Wireless-Playstation-Vibration-Joystick/dp/B081Q1D22D/ref=sr_1_90?dchild=1&keywords=ps4&qid=1611995909&sr=8-90
PSVR Aim Controller Firewall Zero Hour Bundle - PlayStation VR,$79.99,4.7 out of 5 stars,"2,356",https://www.amazon.com//PSVR-Controller-Firewall-Zero-Bundle-4/dp/B07FRCT893/ref=sr_1_91?dchild=1&keywords=ps4&qid=1611995909&sr=8-91
Red Dead Redemption 2 (PS4),$36.30,4.7 out of 5 stars,"2,735",https://www.amazon.com//Red-Dead-Redemption-PS4-playstation-4/dp/B01M9COSMD/ref=sr_1_92?dchild=1&keywords=ps4&qid=1611995909&sr=8-92
"MFTEK One Hand Gaming Keyboard and Mouse Combo, RGB Rainbow Backlit One-Handed Mechanical Feeling Gaming Keyboard with Wrist Rest Support, USB Wired Keyboard Mouse and Mouse Pad Set for PC PS4 Gamer",$27.99,4.5 out of 5 stars,326,https://www.amazon.com//MFTEK-Keyboard-Rainbow-One-Handed-Mechanical/dp/B08977VXBQ/ref=sr_1_93?dchild=1&keywords=ps4&qid=1611995909&sr=8-93
Katamari Damacy REROLL - PlayStation 4,$19.99,4.7 out of 5 stars,117,https://www.amazon.com//Katamari-Damacy-REROLL-PlayStation-4/dp/B08JHZDRV2/ref=sr_1_94?dchild=1&keywords=ps4&qid=1611995909&sr=8-94
Farming Simulator 19 Platinum Edition (PS4) - PlayStation 4,$29.77,4.7 out of 5 stars,"1,943",https://www.amazon.com//Farming-Simulator-19-Platinum-PS4-PlayStation/dp/B07W6CD737/ref=sr_1_95?dchild=1&keywords=ps4&qid=1611995909&sr=8-95
PlayStation Gold Wireless Headset Rose Gold - PlayStation 4,$99.45,4.6 out of 5 stars,"1,301",https://www.amazon.com//PlayStation-Gold-Wireless-Headset-Gaming-Console/dp/B07WJ1FGZK/ref=sr_1_96?dchild=1&keywords=ps4&qid=1611995909&sr=8-96
"AimControllers PS4 Custom Wireless Controller, Playstation 4 Personalized Gamepad with 4 Paddles - Dexter",$139.99,4.2 out of 5 stars,350,https://www.amazon.com//Wireless-Custom-AiMControllers-Dexter-Paddles/dp/B01MQF08P5/ref=sr_1_97?dchild=1&keywords=ps4&qid=1611995909&sr=8-97
Immortals Fenyx Rising - PlayStation 4 Standard Edition,$29.99,4.7 out of 5 stars,499,https://www.amazon.com//Gods-Monsters-PlayStation-4-Standard/dp/B07SFZV3BN/ref=sr_1_98?dchild=1&keywords=ps4&qid=1611995909&sr=8-98
Sofunii 2 Pack Silicone Controller Skins Anti-Slip Cover Case Protector Sleeve for Playstation 5 /PS5 Controller with 4 Pack Paw Prints Thumb Grips (Blue),$12.99,4.6 out of 5 stars,31,https://www.amazon.com//gp/slredirect/picassoRedirect.html/ref=pa_sp_atf_next_aps_sr_pg7_1?ie=UTF8&adId=A08346192JBWRXEDSUHBX&url=%2FSofunii-Controller-Anti-Slip-Protector-Playstation%2Fdp%2FB08MLJ1ZLY%2Fref%3Dsr_1_97_sspa%3Fdchild%3D1%26keywords%3Dps4%26qid%3D1611995911%26sr%3D8-97-spons%26psc%3D1&qualifier=1611995911&id=8317105505180228&widgetName=sp_atf_next
"LETTON Stereo Gaming Headset for PS4, PC, Xbox One Controller, Noise Cancelling Over Ear Headphones with Mic, Bass Surround, Soft Memory Earmuffs for Laptop Mac Nintendo Switch Games (L2)",$19.99,4.3 out of 5 stars,320,https://www.amazon.com//gp/slredirect/picassoRedirect.html/ref=pa_sp_atf_next_aps_sr_pg7_1?ie=UTF8&adId=A02217783HNGKNU6LLQNQ&url=%2FLETTON-Controller-Cancelling-Headphones-Surround%2Fdp%2FB089YK95WD%2Fref%3Dsr_1_98_sspa%3Fdchild%3D1%26keywords%3Dps4%26qid%3D1611995911%26sr%3D8-98-spons%26psc%3D1&qualifier=1611995911&id=8317105505180228&widgetName=sp_atf_next
"PUNWEOS Wireless PS4 Controller for Playstation 4, DualShock 4 Game Controller with Gyro/HD Dual Vibration/Touch Panel/LED Indicator Gamepad Remote Joystick for Playstation 4/Pro/Slim(Blue)",$32.99,4.0 out of 5 stars,780,https://www.amazon.com//PUNWEOS-Controller-Playstation-DualShock-Vibration/dp/B08L6MLXX3/ref=sr_1_99?dchild=1&keywords=ps4&qid=1611995911&sr=8-99
Werewolf: The Apocalypse - Earthblood (PS4) - PlayStation 4,$49.99,N/A,N/A,https://www.amazon.com//Werewolf-Apocalypse-Earthblood-PS4-PlayStation-4/dp/B08CWDQCG4/ref=sr_1_100?dchild=1&keywords=ps4&qid=1611995911&sr=8-100
Sony Playstation 4 (PS4) Mono Chat Earbud with Mic,$8.45,4.1 out of 5 stars,"7,776",https://www.amazon.com//Sony-Playstation-Mono-Chat-Earbud/dp/B01DCYWI96/ref=sr_1_101?dchild=1&keywords=ps4&qid=1611995911&sr=8-101
Tony Stewart All American Racing (Sony Playstation 4 - PS4),N/A,4.7 out of 5 stars,43,https://www.amazon.com//Tony-Stewart-American-Racing-Playstation-4/dp/B08JSX48T9/ref=sr_1_102?dchild=1&keywords=ps4&qid=1611995911&sr=8-102
Sony PlayStation Gold Wireless Headset 7.1 Surround Sound PS4 New Version 2018,$108.95,4.5 out of 5 stars,"3,330",https://www.amazon.com//Sony-PlayStation-Wireless-Headset-Surround/dp/B079YL9F5T/ref=sr_1_103?dchild=1&keywords=ps4&qid=1611995911&sr=8-103
Batman: Arkham Knight (PS4),$21.11,4.6 out of 5 stars,632,https://www.amazon.com//Batman-Arkham-Knight-PS4-playstation-4/dp/B07F7K39Q5/ref=sr_1_104?dchild=1&keywords=ps4&qid=1611995911&sr=8-104
Sony DualShock 4 Wireless Controller - Midnight Blue - PlayStation 4,$81.36,4.7 out of 5 stars,"1,018",https://www.amazon.com//Sony-DualShock-Wireless-Controller-PlayStation-4/dp/B079HBNLG7/ref=sr_1_105?dchild=1&keywords=ps4&qid=1611995911&sr=8-105
Gang Beasts - PlayStation 4,$24.99,4.7 out of 5 stars,"1,450",https://www.amazon.com//Gang-Beasts-PlayStation-4/dp/B07YLH7K3J/ref=sr_1_106?dchild=1&keywords=ps4&qid=1611995911&sr=8-106
Controller for PS4 Wireless Playstation 4 Controller with Dual Vibration/Speaker/Gyro/Audio Jack Remote Controller Gamepad for PS4/Slim/Pro/(Black-Gray),$32.99,4.3 out of 5 stars,38,https://www.amazon.com//Controller-PS4-Wireless-Playstation-Black-Gray/dp/B08PB7ZQY8/ref=sr_1_107?dchild=1&keywords=ps4&qid=1611995911&sr=8-107
Dreams - PlayStation 4,$19.99,4.6 out of 5 stars,"1,198",https://www.amazon.com//Dreams-PlayStation-4/dp/B082LW28B2/ref=sr_1_108?dchild=1&keywords=ps4&qid=1611995911&sr=8-108
"KontrolFreek FPS Freek Galaxy White for Playstation 4 (PS4) and Playstation 5 (PS5) | Performance Thumbsticks | 1 High-Rise, 1 Mid-Rise | White",$14.99,4.6 out of 5 stars,"4,074",https://www.amazon.com//KontrolFreek-Playstation-Controller-Performance-Thumbsticks-4/dp/B01BCNZJ54/ref=sr_1_109?dchild=1&keywords=ps4&qid=1611995911&sr=8-109
Astro Boy,$3.99,4.6 out of 5 stars,"2,730",https://www.amazon.com//Astro-Boy-Kristen-Bell/dp/B0035GX0BM/ref=sr_1_110?dchild=1&keywords=ps4&qid=1611995911&sr=8-110
"KontrolFreek Precision Rings | Aim Assist Motion Control for PlayStation 4 (PS4), PlayStation 5 (PS5), Xbox One, Xbox Series X, Switch Pro & Scuf Controller | Purple",$11.99,4.1 out of 5 stars,155,https://www.amazon.com//KontrolFreek-Precision-Control-PlayStation-Controller-4/dp/B08H9PPQSP/ref=sr_1_111?dchild=1&keywords=ps4&qid=1611995911&sr=8-111
"PS4 Controller Charger, Y Team Playstation 4 / PS4 / PS4 Pro / PS4 Slim Controller Charger Charging Docking Station Stand.Dual USB Fast Charging Station & LED Indicator for Sony PS4 Controller--Black",$13.96,4.6 out of 5 stars,"10,502",https://www.amazon.com//Controller-Team-Playstation-Stand-Dual-Controller-Black/dp/B01H1GJ7IQ/ref=sr_1_112?dchild=1&keywords=ps4&qid=1611995911&sr=8-112
MLB The Show 20 MVP Edition for PS4 - PS4 exclusive - ESRB Rated E (Everyone) - Sports Game - Max Number of Multi-players: 8 - Receive 4 Days Early Access,$46.90,4.8 out of 5 stars,236,https://www.amazon.com//MLB-Show-MVP-PS4-Multi-players-Playstation/dp/B07ZLJX6CJ/ref=sr_1_113?dchild=1&keywords=ps4&qid=1611995911&sr=8-113
DualShock 4 Wireless Controller for PlayStation 4 - Rose Gold,N/A,4.8 out of 5 stars,"5,503",https://www.amazon.com//DualShock-Wireless-Controller-PlayStation-Rose-4/dp/B07WDSD7G7/ref=sr_1_114?dchild=1&keywords=ps4&qid=1611995911&sr=8-114
Sofunii 2 Pack Silicone Controller Skins Anti-Slip Cover Case Protector Sleeve for Playstation 5 /PS5 Controller with 4 Pack Paw Prints Thumb Grips (Pink),$12.99,4.6 out of 5 stars,31,https://www.amazon.com//gp/slredirect/picassoRedirect.html/ref=pa_sp_atf_next_aps_sr_pg8_1?ie=UTF8&adId=A08347751DIT3YRG6296X&url=%2FSofunii-Controller-Anti-Slip-Protector-Playstation%2Fdp%2FB08MKRPMYD%2Fref%3Dsr_1_113_sspa%3Fdchild%3D1%26keywords%3Dps4%26qid%3D1611995916%26sr%3D8-113-spons%26psc%3D1&qualifier=1611995916&id=3827113627694287&widgetName=sp_atf_next
"LETTON Stereo Gaming Headset for PS4, PC, Xbox One Controller, Noise Cancelling Over Ear Headphones with Mic, Bass Surround, Soft Memory Earmuffs for Laptop Mac Nintendo Switch Games (L3)",$14.99,4.3 out of 5 stars,320,https://www.amazon.com//gp/slredirect/picassoRedirect.html/ref=pa_sp_atf_next_aps_sr_pg8_1?ie=UTF8&adId=A03106372H4NCOP87TXLI&url=%2FLETTON-Controller-Cancelling-Headphones-Surround%2Fdp%2FB086S9WY1K%2Fref%3Dsr_1_114_sspa%3Fdchild%3D1%26keywords%3Dps4%26qid%3D1611995916%26sr%3D8-114-spons%26psc%3D1&qualifier=1611995916&id=3827113627694287&widgetName=sp_atf_next
The Witcher 3 Game of the Year Edition (PS4),$26.49,4.7 out of 5 stars,"4,880",https://www.amazon.com//Witcher-Game-Year-PS4-playstation-4/dp/B01JYW2F1G/ref=sr_1_115?dchild=1&keywords=ps4&qid=1611995916&sr=8-115
4-Pin Power Supply Unit PSU Model: ADP-200ER N14-200P1A for Sony Playstation 4 PS4 Console 500GB CUH-1200 12XX 1215A 1215B,$57.99,4.4 out of 5 stars,26,https://www.amazon.com//4-Pin-Power-Supply-Unit-Model/dp/B07NVGZB4J/ref=sr_1_116?dchild=1&keywords=ps4&qid=1611995916&sr=8-116
"NBA 2K21: 450,000 VC - PS4 [Digital Code]",$99.99,4.5 out of 5 stars,85,https://www.amazon.com//NBA-2K21-450-Digital-Code/dp/B08HJ88122/ref=sr_1_117?dchild=1&keywords=ps4&qid=1611995916&sr=8-117
KontrolFreek Alpha for PlayStation 4 (PS4) and PlayStation 5 (PS5) | Performance Thumbsticks | 2 Low-Rise Concave | Green,$16.99,5.0 out of 5 stars,2,https://www.amazon.com//KontrolFreek-PlayStation-Performance-Thumbsticks-Low-Rise-4/dp/B08HNCQL53/ref=sr_1_118?dchild=1&keywords=ps4&qid=1611995916&sr=8-118
NBA 2K21 PS4,$34.99,4.8 out of 5 stars,372,https://www.amazon.com//NBA-2K21-PS4-playstation-4/dp/B08HRDRF5H/ref=sr_1_119?dchild=1&keywords=ps4&qid=1611995916&sr=8-119
"Power Supply ADP-240AR 5 Pin for PS4 Sony Playstation 4 CUH-1001A - 500GB, 5 Prongs",$55.97,4.3 out of 5 stars,49,https://www.amazon.com//ADP-240AR-PS4-Sony-Playstation-CUH-1001A-4/dp/B07NJNB5F8/ref=sr_1_120?dchild=1&keywords=ps4&qid=1611995916&sr=8-120
Madden NFL 21: 1050 Madden Points - PS4 [Digital Code],$9.88,4.5 out of 5 stars,33,https://www.amazon.com//Madden-NFL-21-Points-Digital/dp/B08G5YPGD4/ref=sr_1_121?dchild=1&keywords=ps4&qid=1611995916&sr=8-121
PS4 Controller Wireless Bluetooth Gamepad for Sony Playstation 4 with USB Cable Compatible with Windows PC & Android iOS【Upgraded Version】 Gold,$29.99,3.7 out of 5 stars,798,https://www.amazon.com//Controller-Bluetooth-Playstation-Compatible-iOS%E3%80%90Upgraded/dp/B013GL5YFA/ref=sr_1_122?dchild=1&keywords=ps4&qid=1611995916&sr=8-122
PS4 Controller Wireless Bluetooth Gamepad for Sony Playstation 4 with USB Cable Compatible with Windows PC & Android iOS【Upgraded Version】 Rose Gold,$32.99,3.9 out of 5 stars,368,https://www.amazon.com//PS4-Controller-Playstation-Compatible-iOS%E3%80%90Upgraded/dp/B08MX3C9FY/ref=sr_1_123?dchild=1&keywords=ps4&qid=1611995916&sr=8-123
Hitman III (PS4),$77.03,N/A,N/A,https://www.amazon.com//Hitman-III-PS4-playstation-4/dp/B08LF957LY/ref=sr_1_124?dchild=1&keywords=ps4&qid=1611995916&sr=8-124
"HyperX Cloud - Official Playstation Licensed Gaming Headset for PS4 and PS5 with in-Line Audio Control, Detachable Noise Cancelling Microphone, Comfortable Memory Foam - Black",$69.99,4.7 out of 5 stars,"2,554",https://www.amazon.com//HyperX-Cloud-Gaming-Headset-Entertainment/dp/B07FFK13RY/ref=sr_1_125?dchild=1&keywords=ps4&qid=1611995916&sr=8-125
Grand Theft Auto V Playstation 4,$26.99,4.8 out of 5 stars,"10,255",https://www.amazon.com//Grand-Theft-Auto-V-PlayStation-4/dp/B00KVSQ848/ref=sr_1_126?dchild=1&keywords=ps4&qid=1611995916&sr=8-126
"KontrolFreek Precision Rings | Aim Assist Motion Control for PlayStation 4 (PS4), PlayStation 5 (PS5), Xbox One, Xbox Series X, Switch Pro & Scuf Controller | Black",$11.99,3.8 out of 5 stars,"1,821",https://www.amazon.com//KontrolFreek-Precision-Control-PlayStation-Controller-4/dp/B07T91Q73K/ref=sr_1_127?dchild=1&keywords=ps4&qid=1611995916&sr=8-127
"SteelSeries Arctis 1 Wireless Gaming Headset – USB-C – Detachable Clearcast Microphone – for PC, PS4, Nintendo Switch and Lite, Android – Black",$99.99,4.5 out of 5 stars,"24,305",https://www.amazon.com//SteelSeries-Arctis-Wireless-Gaming-Headset/dp/B07X64MTGL/ref=sr_1_128?dchild=1&keywords=ps4&qid=1611995916&sr=8-128
Star Wars Jedi: Fallen Order (PS4),$149.99,4.7 out of 5 stars,"6,382",https://www.amazon.com//Star-Wars-Jedi-Fallen-playstation-4/dp/B07QN7HVMH/ref=sr_1_129?dchild=1&keywords=ps4&qid=1611995916&sr=8-129
"GTA 5 Cheats: All Cheat Codes, Tips, Tricks and Phone Numbers for Grand Theft Auto 5 on PS4, PC, Xbox One",$2.99,3.9 out of 5 stars,19,https://www.amazon.com//GTA-Cheats-Cheat-Tricks-Numbers-ebook/dp/B07W6PM48C/ref=sr_1_130?dchild=1&keywords=ps4&qid=1611995916&sr=8-130
Five Nights at Freddy's: Help Wanted (PS4) - PlayStation 4,$29.86,4.7 out of 5 stars,559,https://www.amazon.com//Five-Nights-Freddys-Help-Wanted-PlayStation/dp/B08L4V7XFH/ref=sr_1_129?dchild=1&keywords=ps4&qid=1611995918&sr=8-129
"PS4 Controller Wireless, Red Nebula Style Dual Shock High Performance Gaming Controller for Playstation 4 /Pro/Slim/PC with Audio Function, Mini LED Indicator, USB Cable (Nebula)",N/A,4.1 out of 5 stars,61,https://www.amazon.com//Controller-Wireless-Performance-Playstation-Indicator/dp/B08FDNKD1V/ref=sr_1_130?dchild=1&keywords=ps4&qid=1611995918&sr=8-130
Marvel's Avengers (PS4),$36.99,4.7 out of 5 stars,672,https://www.amazon.com//Marvels-Avengers-PS4-playstation-4/dp/B07SVNGBBF/ref=sr_1_131?dchild=1&keywords=ps4&qid=1611995918&sr=8-131
PlayStation Plus: 12 Month Membership [Digital Code],$59.96,4.8 out of 5 stars,"67,599",https://www.amazon.com//PlayStation-Plus-Month-Membership-Digital/dp/B004RMK5QG/ref=sr_1_132?dchild=1&keywords=ps4&qid=1611995918&sr=8-132
Jump Force (PS4),$23.70,4.6 out of 5 stars,"1,360",https://www.amazon.com//Jump-Force-PS4-playstation-4/dp/B07DMB2G4Y/ref=sr_1_133?dchild=1&keywords=ps4&qid=1611995918&sr=8-133
Kootek Vertical Stand for PS4 Slim / Regular PlayStation 4 Cooling Fan Controller Charging Station with Game Storage and Dualshock Charger ( Not for PS4 Pro ),$19.99,4.2 out of 5 stars,"5,847",https://www.amazon.com//Kootek-Stand-PS4-PlayStation-Controller/dp/B01EJ9DMQQ/ref=sr_1_134?dchild=1&keywords=ps4&qid=1611995918&sr=8-134
"Seagate Portable 1TB External Hard Drive HDD – USB 3.0 for PC, Mac, PS4, & Xbox, 1-year Rescue Service (STGX1000400)",$47.99,4.7 out of 5 stars,"93,910",https://www.amazon.com//Seagate-Portable-External-Hard-Drive/dp/B07CRG7BBH/ref=sr_1_135?dchild=1&keywords=ps4&qid=1611995918&sr=8-135
"AimControllers PS4 Controller Custom Wireless, Playstation 4 Personalized Gamepad - Gold",$139.99,4.5 out of 5 stars,45,https://www.amazon.com//AimControllers-Controller-Wireless-Playstation-Personalized/dp/B086BKKG4H/ref=sr_1_136?dchild=1&keywords=ps4&qid=1611995918&sr=8-136
"Etpark PS4 Wired Controller for Playstation 4, Professional USB PS4 Wired Gamepad (Black Wired)",$19.99,3.9 out of 5 stars,"3,359",https://www.amazon.com//Lilyhood-Controller-Playstation-Professional-Gamepad/dp/B07NYVK9BT/ref=sr_1_137?dchild=1&keywords=ps4&qid=1611995918&sr=8-137
Marvel's Avengers for PlayStation 4,$29.99,4.4 out of 5 stars,"4,731",https://www.amazon.com//Marvels-Avengers-PlayStation-4/dp/B07SFZX5CH/ref=sr_1_138?dchild=1&keywords=ps4&qid=1611995918&sr=8-138
"OIVO Controller Wall Mount Holder for PS3/PS4/PS5/Xbox 360/Xbox One/S/X/Elite/Series S/Series X Controller, Pro Controller, Foldable Wall Mount for Video Game Controller&Headphones -4 Pack",$16.99,4.4 out of 5 stars,548,https://www.amazon.com//OIVO-Controller-Holder-Foldable-Headphones/dp/B088M15RJP/ref=sr_1_139?dchild=1&keywords=ps4&qid=1611995918&sr=8-139
God of War Hits - PlayStation 4,$14.75,4.8 out of 5 stars,"6,146",https://www.amazon.com//God-War-Hits-PlayStation-4/dp/B07XQKTPB2/ref=sr_1_140?dchild=1&keywords=ps4&qid=1611995918&sr=8-140
"2 Prong AC Power Cord Compatible PS3 / PS4 / PS5, Xbox One S/X, Xbox Series X/S, HP OfficeJet Envy Canon Pixma Printer, Sharp Samsung LG Toshiba TCL TV",$6.98,4.8 out of 5 stars,"3,429",https://www.amazon.com//Compatible-OfficeJet-Printer-Samsung-Toshiba/dp/B07PLP57HW/ref=sr_1_141?dchild=1&keywords=ps4&qid=1611995918&sr=8-141
KontrolFreek Performance Grips XT for Playstation 4 | Extra-Thin Grips | Black (Extra-Thin),$15.99,4.5 out of 5 stars,303,https://www.amazon.com//KontrolFreek-Performance-Grips-Playstation-Extra-Thin/dp/B07YL97DQD/ref=sr_1_142?dchild=1&keywords=ps4&qid=1611995918&sr=8-142
Sony Playstation Platinum Wireless Headset 7.1 Surround Sound PS4,$143.17,4.5 out of 5 stars,903,https://www.amazon.com//Sony-PlayStation-Platinum-Wireless-Surround/dp/B07CLD57D5/ref=sr_1_143?dchild=1&keywords=ps4&qid=1611995918&sr=8-143
Paw Patrol Mighty Pups Save Adventure Bay - PlayStation 4,$24.99,4.7 out of 5 stars,136,https://www.amazon.com//Paw-Patrol-Mighty-Pups-Save-Adventure/dp/B08F5TR4FK/ref=sr_1_144?dchild=1&keywords=ps4&qid=1611995918&sr=8-144
Paw Patrol Mighty Pups Save Adventure Bay - PlayStation 4,$24.99,4.7 out of 5 stars,136,https://www.amazon.com//Paw-Patrol-Mighty-Pups-Save-Adventure/dp/B08F5TR4FK/ref=sr_1_145?dchild=1&keywords=ps4&qid=1611995921&sr=8-145
"PS4 Controller Charger Charging Cable 10ft 2 Pack, Charge and Play, Extra Long Micro USB 2.0 High Speed Sync Cord for Playstation 4/ DualShock 4/ PS4 Slim/ PS4 Pro/Xbox One/Xbox One S/Xb",$8.98,4.6 out of 5 stars,474,https://www.amazon.com//Controller-Charger-Charging-Playstation-DualShock/dp/B089F5JWGM/ref=sr_1_146?dchild=1&keywords=ps4&qid=1611995921&sr=8-146
"PDP Gaming LVL30 Wired Chat Headset - PlayStation 4, 051-107 - PlayStation 4",$14.88,4.1 out of 5 stars,"3,807",https://www.amazon.com//PDP-Gaming-LVL30-Wired-Chat-Headset/dp/B07VB3XBRD/ref=sr_1_147?dchild=1&keywords=ps4&qid=1611995921&sr=8-147
"Etpark Wireless Controller for PS4, Touch Panel Gamepad with Dual Vibration and Audio Function, Anti-Slip Grip and Mini LED Indicator",$25.99,3.8 out of 5 stars,"1,433",https://www.amazon.com//Controller-Etpark-Playstation-Vibration-Anti-Slip/dp/B086QZ1Z67/ref=sr_1_148?dchild=1&keywords=ps4&qid=1611995921&sr=8-148
"Game Controller for PS4 (Titanium Blue), Dual Vibration Compatible with Windows PC & Android OS, Wireless Bluetooth Controller for Playstation 4",$29.99,4.5 out of 5 stars,903,https://www.amazon.com//Controller-Vibration-Compatible-Bluetooth-Playstation/dp/B08QYZ8BN6/ref=sr_1_149?dchild=1&keywords=ps4&qid=1611995921&sr=8-149
PS4 Controller Wireless Bluetooth Gamepad for Sony Playstation 4 with USB Cable Compatible with Windows PC & Android iOS【Upgraded Version】 Gold,$29.99,4.6 out of 5 stars,"3,581",https://www.amazon.com//Controller-Bluetooth-Playstation-Compatible-iOS%E3%80%90Upgraded/dp/B08HZ7LYBJ/ref=sr_1_150?dchild=1&keywords=ps4&qid=1611995921&sr=8-150
Star Wars: Squadrons - PlayStation 4,$19.99,4.6 out of 5 stars,"2,456",https://www.amazon.com//Star-Wars-Squadrons-PlayStation-4/dp/B089F7Y472/ref=sr_1_151?dchild=1&keywords=ps4&qid=1611995921&sr=8-151
"Wireless Controller for PS4/iPhone/Playstation 4/Pro/Slim Console, Gamepad Joystick Game Controller with Dual Vibration/6-axis Gyro Sensor/Audio Function (Black)",$38.99,5.0 out of 5 stars,1,https://www.amazon.com//Wireless-Controller-Playstation-Joystick-Vibration/dp/B08M3LT98W/ref=sr_1_152?dchild=1&keywords=ps4&qid=1611995921&sr=8-152
Farming Simulator 19: Premium Edition (PS4) - PlayStation 4,$49.99,4.8 out of 5 stars,91,https://www.amazon.com//Farming-Simulator-19-Premium-PS4-PlayStation/dp/B08DJSPKPY/ref=sr_1_153?dchild=1&keywords=ps4&qid=1611995921&sr=8-153
KontrolFreek Alpha Performance Thumbsticks for PlayStation 4 (PS4) and PlayStation 5 (PS5) Controller | 2 Low-Rise Concave | Black,$16.99,4.4 out of 5 stars,684,https://www.amazon.com//Kontrol-Freek-Thumb-Stick-playstation-4/dp/B00O4FOB3O/ref=sr_1_154?dchild=1&keywords=ps4&qid=1611995921&sr=8-154
Biomutant Collector's Edition - PlayStation 4 Collector's Edition,$119.99,N/A,N/A,https://www.amazon.com//Biomutant-Collectors-PlayStation-4/dp/B074ZH9F23/ref=sr_1_155?dchild=1&keywords=ps4&qid=1611995921&sr=8-155
God Of War Playstation Hits (PS4),$17.96,4.8 out of 5 stars,"2,433",https://www.amazon.com//God-War-Playstation-Hits-PS4-4/dp/B07XZH9B3H/ref=sr_1_156?dchild=1&keywords=ps4&qid=1611995921&sr=8-156
DualShock 4 Wireless Controller for PlayStation 4 - 500 Million Limited Edition [Discontinued],N/A,4.7 out of 5 stars,879,https://www.amazon.com//DualShock-Wireless-Controller-PlayStation-Discontinued-4/dp/B07GGDPH1S/ref=sr_1_157?dchild=1&keywords=ps4&qid=1611995921&sr=8-157
PlayStation 4 Pro 1TB Limited Edition The Last of Us Part 2 Console Bundle - Black,$659.00,4.8 out of 5 stars,223,https://www.amazon.com//PlayStation-Limited-Last-Console-Bundle-4/dp/B089FMM133/ref=sr_1_158?dchild=1&keywords=ps4&qid=1611995921&sr=8-158
PlayStation 4 Pro 1TB Limited Edition Console - Death Stranding Bundle,N/A,4.8 out of 5 stars,765,https://www.amazon.com//PlayStation-Pro-1TB-Limited-Console-4/dp/B07YBX9F4V/ref=sr_1_159?dchild=1&keywords=ps4&qid=1611995921&sr=8-159
Days of Play Limited Edition Steel Black 1TB PS4 (PS4),$595.03,4.6 out of 5 stars,162,https://www.amazon.com//Days-Limited-Steel-Black-PlayStation-4/dp/B07RPMBYKQ/ref=sr_1_160?dchild=1&keywords=ps4&qid=1611995921&sr=8-160
JEM&JULES Power Supply ADP-160FR N17-160P1A for Sony PS4 CUH-2215A or CUH-2215B,$70.99,5.0 out of 5 stars,2,https://www.amazon.com//JEM-JULES-ADP-160FR-N17-160P1A-CUH-2215A/dp/B08FC8T4TN/ref=sr_1_161?dchild=1&keywords=ps4&qid=1611995922&sr=8-161
Dark Souls Trilogy (PS4),$46.85,4.7 out of 5 stars,799,https://www.amazon.com//Dark-Souls-Trilogy-PS4-playstation-4/dp/B07MG7Y4CB/ref=sr_1_162?dchild=1&keywords=ps4&qid=1611995922&sr=8-162
"Sofunii 2pcs Camo Skin for PS4 Controller, Anti-Slip Silicone Protector Cover Shell Case with 8 Thumb Grip Caps, Compatible with PlaySation 4 Slim/Pro Controller DualShock 4 Wireless/Wired Gamepad",$11.98,4.8 out of 5 stars,10,https://www.amazon.com//Sofunii-Controller-Anti-Slip-Compatible-PlaySation/dp/B08RG3D3CP/ref=sr_1_163?dchild=1&keywords=ps4&qid=1611995922&sr=8-163
Madden NFL 21: 12000 Madden Points - PS4 [Digital Code],$99.99,4.0 out of 5 stars,24,https://www.amazon.com//Madden-NFL-21-Points-Digital/dp/B08G65C874/ref=sr_1_164?dchild=1&keywords=ps4&qid=1611995922&sr=8-164
The Last of US Part II DualShock4 Wireless Controller Limited Edition for PS4 Playstation 4 Controller,$99.99,4.7 out of 5 stars,319,https://www.amazon.com//Playstation-Limited-DualShock4-Wireless-Controller/dp/B088SGCDY7/ref=sr_1_165?dchild=1&keywords=ps4&qid=1611995922&sr=8-165
Grand Theft Auto V: Premium Edition (PS4),$25.80,4.7 out of 5 stars,"4,414",https://www.amazon.com//Grand-Theft-Auto-Premium-playstation-4/dp/B07WPD3DTC/ref=sr_1_166?dchild=1&keywords=ps4&qid=1611995922&sr=8-166
True War Stories,$0.99,3.2 out of 5 stars,11,https://www.amazon.com//Dust-Off/dp/B078C82HN7/ref=sr_1_167?dchild=1&keywords=ps4&qid=1611995922&sr=8-167
JEM&JULES PS4 Slim Power Supply Unit ADP-160ER 4 Pin Replacement for Sony Play Station 4 PS4 Slim,$70.99,5.0 out of 5 stars,5,https://www.amazon.com//JEM-JULES-ADP-160ER-Replacement-Station/dp/B08GFX3ZQW/ref=sr_1_168?dchild=1&keywords=ps4&qid=1611995922&sr=8-168
theHunter: 2019 Edition - PlayStation 4,$27.48,4.4 out of 5 stars,754,https://www.amazon.com//theHunter-2019-PlayStation-4/dp/B07G1SC4PG/ref=sr_1_169?dchild=1&keywords=ps4&qid=1611995922&sr=8-169
"Game Controller for PS4 Wireless Gamepad for PS4/PS4 Pro/PC and Laptop with Vibration and Audio Function, Mini LED Indicator, High-Sensitive Controller with Anti-Slip(Alpine Green)",$32.99,3.2 out of 5 stars,17,https://www.amazon.com//Controller-PS4-Wireless-Vibration-High-Sensitive/dp/B08PCSW2RF/ref=sr_1_170?dchild=1&keywords=ps4&qid=1611995922&sr=8-170
NHL 21 (PS4),$40.40,4.8 out of 5 stars,223,https://www.amazon.com//NHL-21-PS4-playstation-4/dp/B08DJVKXHD/ref=sr_1_171?dchild=1&keywords=ps4&qid=1611995922&sr=8-171
"Wireless Controller for Playstation 4, Gamepad Joystick Remote Controller for PS4/PRO/SLIM with Motion Motors and Audio Function Non-OEM, (Glacier White)",$29.99,4.6 out of 5 stars,23,https://www.amazon.com//Wireless-Controller-Playstation-Joystick-Function/dp/B08B8XT4HD/ref=sr_1_172?dchild=1&keywords=ps4&qid=1611995922&sr=8-172
$20 PlayStation Store Gift Card [Digital Code],$20.00,4.7 out of 5 stars,"125,690",https://www.amazon.com//PlayStation-Store-Gift-Card-Digital/dp/B004RMK4BC/ref=sr_1_173?dchild=1&keywords=ps4&qid=1611995922&sr=8-173
Sony PlayStation 4 Camera,N/A,4.7 out of 5 stars,"3,866",https://www.amazon.com//PlayStation-4-Camera/dp/B01LW1OM63/ref=sr_1_174?dchild=1&keywords=ps4&qid=1611995922&sr=8-174
"Sony Playstation PS4 Camera, 9845252",N/A,4.6 out of 5 stars,"2,879",https://www.amazon.com//Sony-Playstation-PS4-Camera-9845252/dp/B01LSFGWR0/ref=sr_1_175?dchild=1&keywords=ps4&qid=1611995922&sr=8-175
Cobra Kai Karate Kid Saga - PS4 - PlayStation 4,N/A,4.5 out of 5 stars,40,https://www.amazon.com//Cobra-Kai-Karate-Kid-Saga-PlayStation/dp/B08CGCZTYQ/ref=sr_1_176?dchild=1&keywords=ps4&qid=1611995922&sr=8-176
Five Nights at Freddy's: the Core Collection (PS4) - PlayStation 4,$33.88,4.7 out of 5 stars,39,https://www.amazon.com//Five-Nights-Freddys-Core-Collection-PlayStation/dp/B08L93C4KV/ref=sr_1_177?dchild=1&keywords=ps4&qid=1611995925&sr=8-177
"Bionik Quickshot - Trigger Stop Lock System for Playstation DualShock 4 Wireless Controllers, Black, B0797948Z6",$12.29,3.8 out of 5 stars,881,https://www.amazon.com//Quickshot-Trigger-Stop-Playstation-4/dp/B0797948Z6/ref=sr_1_178?dchild=1&keywords=ps4&qid=1611995925&sr=8-178
TV Wall Mounting,N/A,N/A,N/A,https://www.amazon.com//TV-Wall-Mounting-Customer-Concealed/dp/B00N15KJES/ref=sr_1_179?dchild=1&keywords=ps4&qid=1611995925&sr=8-179
DualShock 4 Wireless Controller for PlayStation 4 - Fortnite Jet Black,$89.29,4.7 out of 5 stars,"4,213",https://www.amazon.com//DualShock-Wireless-Controller-PlayStation-Fortnite-4/dp/B07VCK6KYR/ref=sr_1_180?dchild=1&keywords=ps4&qid=1611995925&sr=8-180
Re:ZERO – The Prophecy of the Throne Collector’s Edition – PlayStation 4,$89.99,N/A,N/A,https://www.amazon.com//Re-ZERO-Prophecy-Throne-Collectors-PlayStation/dp/B08974G2TY/ref=sr_1_181?dchild=1&keywords=ps4&qid=1611995925&sr=8-181
"HyperX Cloud Stinger Core - Gaming Headset for PlayStation 4 and PlayStation 5, Over-Ear Wired Headset with Mic, Passive Noise Cancelling, Immersive In-Game Audio, In-Line Audio Control, Black",$37.90,4.5 out of 5 stars,"16,708",https://www.amazon.com//HyperX-Cloud-Stinger-Core-Playstation/dp/B07BB3PYD8/ref=sr_1_182?dchild=1&keywords=ps4&qid=1611995925&sr=8-182
"NBA 2K21: 450,000 VC - PS4 [Digital Code]",$99.99,4.5 out of 5 stars,85,https://www.amazon.com//NBA-2K21-450-Digital-Code/dp/B08HJ88122/ref=sr_1_183?dchild=1&keywords=ps4&qid=1611995925&sr=8-183
Power Supply Battery ADP-160FR N17-160P1A for Sony PS4 Slim CUH-2215A or CUH-2215B,$70.99,5.0 out of 5 stars,1,https://www.amazon.com//Gxcdizx-ADP-160FR-N17-160P1A-CUH-2215A-CUH-2215B/dp/B08P1LHGH6/ref=sr_1_184?dchild=1&keywords=ps4&qid=1611995925&sr=8-184
"JOYSKY PS4 Controller, Wireless Controller for Playstation 4 with Speaker/Gyro/HD Dual Vibration/Touch Panel/LED Indicator Pro Controller Gamepad for PS4/Slim/Pro Console (Blue)",$38.99,3.9 out of 5 stars,188,https://www.amazon.com//JOYSKY-Controller-Playstation-Vibration-Indicator/dp/B08JY8L4KP/ref=sr_1_185?dchild=1&keywords=ps4&qid=1611995925&sr=8-185
"Smart Zombie PS4 PRO Rapid Fire Custom Modded Controller for All Major Shooter Games, Warzone & More (CUH-ZCT2U)",N/A,4.0 out of 5 stars,617,https://www.amazon.com//Zombie-Custom-Controller-Shooter-CUH-ZCT2U/dp/B07BHK4KW5/ref=sr_1_186?dchild=1&keywords=ps4&qid=1611995925&sr=8-186
Red Dead Redemption 2 (PS4),$37.77,4.7 out of 5 stars,"1,832",https://www.amazon.com//Red-Dead-Redemption-PS4-playstation-4/dp/B0776YMQN1/ref=sr_1_187?dchild=1&keywords=ps4&qid=1611995925&sr=8-187
"Oriflame Game Controller for PS4 Wireless Gamepad for PS4/PS4 Pro/PC and Laptop with Vibration and Audio Function, Mini LED Indicator, High-Sensitive Controller with Anti-Slip (Electric Purple)",$31.99,3.0 out of 5 stars,9,https://www.amazon.com//Oriflame-Controller-Vibration-Indicator-High-Sensitive/dp/B08P4CK62J/ref=sr_1_188?dchild=1&keywords=ps4&qid=1611995925&sr=8-188
TURPOW PS4 Controller Wireless Gamepad for Playstation 4/Pro/Slim/PC/Smart TV and Laptop - Red,$26.49,3.9 out of 5 stars,9,https://www.amazon.com//TURPOW-Controller-Wireless-Gamepad-Playstation-4/dp/B08DNVKQKR/ref=sr_1_189?dchild=1&keywords=ps4&qid=1611995925&sr=8-189
$10 PlayStation Store Gift Card [Digital Code],$10.00,4.7 out of 5 stars,"49,021",https://www.amazon.com//PlayStation-Store-Gift-Card-Digital/dp/B00GAC1D2G/ref=sr_1_190?dchild=1&keywords=ps4&qid=1611995925&sr=8-190
Madden NFL 21: 500 Madden Points - PS4 [Digital Code],$4.99,4.4 out of 5 stars,37,https://www.amazon.com//Madden-NFL-21-Points-Digital/dp/B08G625V8B/ref=sr_1_191?dchild=1&keywords=ps4&qid=1611995925&sr=8-191
LEGO Disney Pixar's The Incredibles - PS4,$19.99,4.8 out of 5 stars,"2,936",https://www.amazon.com//LEGO-Disney-Pixars-Incredibles-PlayStation-4/dp/B07BMHKNMX/ref=sr_1_192?dchild=1&keywords=ps4&qid=1611995925&sr=8-192
DualShock 4 Wireless Controller for PlayStation 4 - Copper [Discontinued],N/A,4.7 out of 5 stars,"1,000",https://www.amazon.com//DualShock-Wireless-Controller-PlayStation-Copper-4/dp/B07JPD3PZH/ref=sr_1_193?dchild=1&keywords=ps4&qid=1611995928&sr=8-193
Predator: Hunting Grounds (PS4),$23.85,4.2 out of 5 stars,221,https://www.amazon.com//Predator-Hunting-Grounds-PS4-playstation-4/dp/B087R7VDYH/ref=sr_1_194?dchild=1&keywords=ps4&qid=1611995928&sr=8-194
Minecraft: The Survivors' Book of Secrets: An Official Mojang Book,$7.99,4.7 out of 5 stars,320,https://www.amazon.com//Minecraft-Survivors-Secrets-Official-Mojang/dp/0399593209/ref=sr_1_195?dchild=1&keywords=ps4&qid=1611995928&sr=8-195
Final Fantasy VIII Remastered (PS4),$32.95,5.0 out of 5 stars,3,https://www.amazon.com//Final-Fantasy-VIII-Remastered-playstation-4/dp/B08LB4HJT2/ref=sr_1_196?dchild=1&keywords=ps4&qid=1611995928&sr=8-196
PlayStation Gold Wireless Headset - PlayStation 4,$109.85,4.5 out of 5 stars,"6,912",https://www.amazon.com//PlayStation-Gold-Wireless-Headset-4/dp/B078TCLYVM/ref=sr_1_197?dchild=1&keywords=ps4&qid=1611995928&sr=8-197
LEGO Dimensions Starter Pack - PlayStation 4,$144.01,4.7 out of 5 stars,808,https://www.amazon.com//LEGO-Dimensions-Starter-Pack-PlayStation-4/dp/B00VMB5VCS/ref=sr_1_198?dchild=1&keywords=ps4&qid=1611995928&sr=8-198
Skater XL (PS4),$40.26,4.5 out of 5 stars,78,https://www.amazon.com//Skater-XL-PS4-playstation-4/dp/B088MTC1RV/ref=sr_1_199?dchild=1&keywords=ps4&qid=1611995928&sr=8-199
$75 PlayStation Store Gift Card [Digital Code],$75.00,4.7 out of 5 stars,"125,690",https://www.amazon.com//PlayStation-Store-Gift-Card-Digital/dp/B00K59HHHU/ref=sr_1_200?dchild=1&keywords=ps4&qid=1611995928&sr=8-200
Wireless Bluetooth Controller for Playstation 4 with Dual Vibration Compatible with Windows PC & Android OS- Green Camouflage,$32.99,4.3 out of 5 stars,675,https://www.amazon.com//Bluetooth-Controller-Playstation-Compatible-Camouflage/dp/B08HJGRJ99/ref=sr_1_201?dchild=1&keywords=ps4&qid=1611995928&sr=8-201
PS4 Custom UN-MODDED Controller Exclusive Unique Designs - Multiple Designs Available CUH-ZCT2U (Blue Fire with Illuminating Thumbsticks),N/A,4.4 out of 5 stars,278,https://www.amazon.com//Custom-MODDED-Controller-Exclusive-Designs/dp/B0849MYZ3X/ref=sr_1_202?dchild=1&keywords=ps4&qid=1611995928&sr=8-202
LEGO Star Wars: The Force Awakens,$16.30,4.7 out of 5 stars,512,https://www.amazon.com//LEGO-Star-Wars-Awakens-PlayStation-4/dp/B01BCMCDBI/ref=sr_1_203?dchild=1&keywords=ps4&qid=1611995928&sr=8-203
MediEvil - PlayStation 4,N/A,4.7 out of 5 stars,"1,980",https://www.amazon.com//MediEvil-PlayStation-4/dp/B07RXXMPXT/ref=sr_1_204?dchild=1&keywords=ps4&qid=1611995928&sr=8-204
JEM&JULES Power Supply Adapter Replacement ADP-160CR N15-160P1A for Sony Playstation 4 PS4 Slim Console CUH-2015A CUH-20XX 500 GB,$70.99,4.6 out of 5 stars,6,https://www.amazon.com//JEM-JULES-Replacement-N15-160P1A-Playstation/dp/B08GFYHRJH/ref=sr_1_205?dchild=1&keywords=ps4&qid=1611995928&sr=8-205
Call of Duty Modern Warfare (PS4),$79.99,4.4 out of 5 stars,"1,118",https://www.amazon.com//Call-Duty-Modern-Warfare-playstation-4/dp/B07ZNVGJS1/ref=sr_1_206?dchild=1&keywords=ps4&qid=1611995928&sr=8-206
Hunting Simulator 2 (PS4) - PlayStation 4,$29.99,4.4 out of 5 stars,151,https://www.amazon.com//Hunting-Simulator-2-PS4-PlayStation-4/dp/B084Y6CW97/ref=sr_1_207?dchild=1&keywords=ps4&qid=1611995928&sr=8-207
"Sisma Game Controller Holder Case for Playstation Official DualShock 4 Wireless Controller, Heavy Duty Protective Cover Hard Housing Pouch Fit - Grey",$14.56,4.7 out of 5 stars,44,https://www.amazon.com//Controller-Playstation-Official-DualShock-Protective/dp/B0858WVKCT/ref=sr_1_208?dchild=1&keywords=ps4&qid=1611995928&sr=8-208
"2 Pack Game Controller for PS4- Double Shock 4 Wireless Controller for Playstation 4 - Joystick with Sixaxis, Bluetooth, Super Power, Micro USB, Multi-Touch Clickable Touch Pad (MLL)",$46.99,3.6 out of 5 stars,"2,456",https://www.amazon.com//Controller-Wireless-Playstation-Vibration-Joystick/dp/B07RGHYVRZ/ref=sr_1_209?dchild=1&keywords=ps4&qid=1611995930&sr=8-209
FIFA 21 - 12000 FUT Points - PS4 [Digital Code],$99.99,3.7 out of 5 stars,22,https://www.amazon.com//FIFA-21-12000-Points-Digital/dp/B08J27JV17/ref=sr_1_210?dchild=1&keywords=ps4&qid=1611995930&sr=8-210
Grand Theft Auto V - Premium Online Edition (PS4),$26.99,4.7 out of 5 stars,"1,975",https://www.amazon.com//Grand-Theft-Auto-Premium-playstation-4/dp/B07H3TF8L7/ref=sr_1_211?dchild=1&keywords=ps4&qid=1611995930&sr=8-211
HORI Fighting Edge Arcade Fighting Stick for PlayStation 4 Officially Licensed by Sony,$199.99,4.8 out of 5 stars,176,https://www.amazon.com//Fighting-Arcade-PlayStation-Officially-Licensed-4/dp/B01A6GCN6G/ref=sr_1_212?dchild=1&keywords=ps4&qid=1611995930&sr=8-212
"PDP 051-049-NA-LIC PS4 LVL50 Wireless Stereo Gaming Headset, 051-049-NA-LIC",$79.00,4.5 out of 5 stars,"5,678",https://www.amazon.com//Wireless-Stereo-Headset-051-049-NA-LIC-playstation-4/dp/B07NJN4VJT/ref=sr_1_213?dchild=1&keywords=ps4&qid=1611995930&sr=8-213
PS4 - FIFA 21 - [PAL EU - NO NTSC],$38.95,4.6 out of 5 stars,"5,699",https://www.amazon.com//PS4-FIFA-PAL-NTSC-PlayStation-4/dp/B08B9Z6573/ref=sr_1_214?dchild=1&keywords=ps4&qid=1611995930&sr=8-214
"PDP Gaming Ultra Slim Charging System - PlayStation 4, 051-100 - PlayStation 4",N/A,4.7 out of 5 stars,"1,868",https://www.amazon.com//PDP-Gaming-Ultra-Slim-Charging-System/dp/B07TYFYW5R/ref=sr_1_215?dchild=1&keywords=ps4&qid=1611995930&sr=8-215
Terminator: Resistance (PS4),N/A,4.4 out of 5 stars,448,https://www.amazon.com//Terminator-Resistance-PS4-playstation-4/dp/B07YLDPZ2B/ref=sr_1_216?dchild=1&keywords=ps4&qid=1611995930&sr=8-216
"Kootek Vertical Stand for PS4 Slim / PS4 Pro/Regular PS4 Controller Charger with 3 Cooling Fan Games Storage, EXT Dual Charging Station for Playstation 4 Console Dualshock 4 Controller Accessories",$23.99,4.5 out of 5 stars,"1,828",https://www.amazon.com//Kootek-Controller-PlayStation-Dualshock-Accessories/dp/B078TH5KJN/ref=sr_1_217?dchild=1&keywords=ps4&qid=1611995930&sr=8-217
Skully (PS4) - PlayStation 4,$19.99,4.3 out of 5 stars,61,https://www.amazon.com//Skully-PS4-PlayStation-4/dp/B088N3XRXY/ref=sr_1_218?dchild=1&keywords=ps4&qid=1611995930&sr=8-218
Third Party - Star Wars Squadrons Occasion [ PS4 ] - 5030947124021,N/A,4.4 out of 5 stars,513,https://www.amazon.com//Third-Party-5030947124021-Not-Machine-Specific/dp/B08B7PNXPY/ref=sr_1_219?dchild=1&keywords=ps4&qid=1611995930&sr=8-219
Train Sim World 2: Collector's Edition (PS4) - PlayStation 4,$39.99,4.6 out of 5 stars,26,https://www.amazon.com//Train-Sim-World-Collectors-PS4-PlayStation/dp/B08GL6PFZ9/ref=sr_1_220?dchild=1&keywords=ps4&qid=1611995930&sr=8-220
"PS4 Controller Wireless, New Skull Style Dual Shock High Performance Gaming Controller for Playstation 4 /Pro/Slim/PC with Audio Function, Mini LED Indicator, USB Cable",N/A,4.0 out of 5 stars,"2,601",https://www.amazon.com//Controller-Wireless-Performance-Playstation-Indicator/dp/B082HPJTH7/ref=sr_1_221?dchild=1&keywords=ps4&qid=1611995930&sr=8-221
Minecraft 3DS Edition With Mega Mike,N/A,5.0 out of 5 stars,1,https://www.amazon.com//The-Great-Open-Sea/dp/B07PJMN7XC/ref=sr_1_222?dchild=1&keywords=ps4&qid=1611995930&sr=8-222
Gxcdizx Power Supply Adapter Replacement ADP-160ER N16-160P1A 4 Pins for Sony Playstation 4 PS4 Slim CUH-21XX CUH-2115b 2115a Game Console Repair Spare Parts,$70.99,N/A,N/A,https://www.amazon.com//Gxcdizx-Replacement-ADP-160ER-N16-160P1A-Playstation/dp/B08P1M759S/ref=sr_1_223?dchild=1&keywords=ps4&qid=1611995930&sr=8-223
The Elder Scrolls V: Skyrim Special Edition - PlayStation 4,$29.83,4.8 out of 5 stars,"3,362",https://www.amazon.com//Elder-Scrolls-Skyrim-Special-PlayStation-4/dp/B01GW8XJVU/ref=sr_1_224?dchild=1&keywords=ps4&qid=1611995930&sr=8-224
The Elder Scrolls V: Skyrim Special Edition - PlayStation 4,$29.83,4.8 out of 5 stars,"3,362",https://www.amazon.com//Elder-Scrolls-Skyrim-Special-PlayStation-4/dp/B01GW8XJVU/ref=sr_1_225?dchild=1&keywords=ps4&qid=1611995932&sr=8-225
"Etpark PS4 Wireless Controller for Playstation 4, Professional PS4 Gamepad,Touch Panel Joypad with Dual Vibration, Instantly Timely Manner to Share Joystick",$25.99,4.0 out of 5 stars,"3,129",https://www.amazon.com//Etpark-Controller-Playstation-Professional-Vibration/dp/B07VRCWMV7/ref=sr_1_226?dchild=1&keywords=ps4&qid=1611995932&sr=8-226
Elder Scrolls V: Skyrim Special Edition (PS4),$31.00,4.8 out of 5 stars,291,https://www.amazon.com//Elder-Scrolls-Skyrim-Special-playstation-4/dp/B01M7W1V2L/ref=sr_1_227?dchild=1&keywords=ps4&qid=1611995932&sr=8-227
"Power Supply ADP-240AR 5 Pin for PS4 Sony Playstation 4 CUH-1001A - 500GB, 5 Prongs",$57.00,4.1 out of 5 stars,51,https://www.amazon.com//Power-Supply-ADP-240AR-Playstation-CUH-1001A/dp/B07FND3LRF/ref=sr_1_228?dchild=1&keywords=ps4&qid=1611995932&sr=8-228
DOOM Eternal: Standard Edition - PlayStation 4,$32.48,4.6 out of 5 stars,391,https://www.amazon.com//DOOM-Eternal-Standard-PlayStation-4/dp/B07HDJLSF2/ref=sr_1_229?dchild=1&keywords=ps4&qid=1611995932&sr=8-229
Ghost of Tsushima - PlayStation 4,$59.99,4.9 out of 5 stars,"6,027",https://www.amazon.com//Ghost-Tsushima-PlayStation-4/dp/B08BSKT43L/ref=sr_1_230?dchild=1&keywords=ps4&qid=1611995932&sr=8-230
Teenage Mutant Ninja Turtles: Mutants in Manhattan - PlayStation 4,$39.50,4.4 out of 5 stars,387,https://www.amazon.com//Teenage-Mutant-Ninja-Turtles-Manhattan-PlayStation/dp/B01B298Q1W/ref=sr_1_231?dchild=1&keywords=ps4&qid=1611995932&sr=8-231
"Wired PS4 Controller for PlayStation 4, Wired Controller for PC,Dual Vibration Shock Joystick Gamepad for PS4/PS4 Slim/PS4 Pro and PC (Black/Blue)",$16.99,4.2 out of 5 stars,213,https://www.amazon.com//Controller-Playstation-Vibration-Joystick-Gamepad/dp/B08B3GJDZR/ref=sr_1_232?dchild=1&keywords=ps4&qid=1611995932&sr=8-232
Assassin's Creed IV Black Flag - PlayStation 4,$22.99,4.7 out of 5 stars,"2,708",https://www.amazon.com//Assassins-Creed-IV-Black-Flag-PlayStation/dp/B00BMFIXOW/ref=sr_1_233?dchild=1&keywords=ps4&qid=1611995932&sr=8-233
"HyperX Cloud Stinger - Gaming Headset, Official Licensed for PS4 and PS5, Lightweight, Rotating Ear Cups, Memory Foam, Comfort, Durability, Steel Sliders, Swivel-to-Mute Noise-Cancellation Mic",$49.99,4.6 out of 5 stars,"2,019",https://www.amazon.com//HyperX-Cloud-Stinger-Swivel-Mute/dp/B07XFYSTD4/ref=sr_1_234?dchild=1&keywords=ps4&qid=1611995932&sr=8-234
LEGO Marvel Collection (PS4),$29.59,4.7 out of 5 stars,684,https://www.amazon.com//LEGO-Marvel-Collection-PS4-playstation-4/dp/B084TNKGJL/ref=sr_1_235?dchild=1&keywords=ps4&qid=1611995932&sr=8-235
"SADES Pink Gaming Headset for PS4,PS5, PC, Xbox one,Mobile, Noise Cancelling Over Ear Headphones with Retractable Mic & Soft Memory Earmuffs for Laptop Nintendo Switch Games(Pink)",$24.99,5.0 out of 5 stars,3,https://www.amazon.com//SADES-Cancelling-Headphones-Retractable-Earmuffs/dp/B08Q3MSYTK/ref=sr_1_236?dchild=1&keywords=ps4&qid=1611995932&sr=8-236
"Apex Legends - 11,500 Coins Virtual Currency - PS4 [Digital Code]",$99.99,4.6 out of 5 stars,35,https://www.amazon.com//Apex-Legends-Virtual-Currency-Digital/dp/B07NPMZPZM/ref=sr_1_237?dchild=1&keywords=ps4&qid=1611995932&sr=8-237
"Turtle Beach Recon Chat Headset for PlayStation 5, PS4 Pro and PS4",$14.95,4.2 out of 5 stars,"4,094",https://www.amazon.com//Turtle-Beach-Recon-Headset-playstation-4/dp/B06WP1XHBH/ref=sr_1_238?dchild=1&keywords=ps4&qid=1611995932&sr=8-238
Little Big Planet 3 - Playstation 4 (PS4),$17.90,4.8 out of 5 stars,406,https://www.amazon.com//Little-Big-Planet-Playstation-PS4-4/dp/B07FDTDRHY/ref=sr_1_239?dchild=1&keywords=ps4&qid=1611995932&sr=8-239
PlayStation Platinum Wireless Headset - PlayStation 4,$148.99,4.5 out of 5 stars,"5,003",https://www.amazon.com//PlayStation-Platinum-Wireless-Headset-4/dp/B01LW6SOV9/ref=sr_1_240?dchild=1&keywords=ps4&qid=1611995932&sr=8-240
NBA 2K21 Mamba Forever Edition - PlayStation 4,$89.94,4.7 out of 5 stars,"1,694",https://www.amazon.com//NBA-2K21-Mamba-Forever-PlayStation-4/dp/B08BXHHBB9/ref=sr_1_241?dchild=1&keywords=ps4&qid=1611995934&sr=8-241
"Razer Raion Fightpad for PS4, PS5 Fighting Game Controller: 8 Way D-Pad - Mechanical Switch Front Buttons - 3.5mm Headset Jack – Black",$79.00,4.2 out of 5 stars,187,https://www.amazon.com//Razer-Raion-Fightpad-Fighting-Game-Controller/dp/B07YNL6KSB/ref=sr_1_242?dchild=1&keywords=ps4&qid=1611995934&sr=8-242
Shadow of the Tomb Raider: Definitive Edition (PS4),$23.50,4.7 out of 5 stars,"1,229",https://www.amazon.com//Shadow-Tomb-Raider-Definitive-playstation-4/dp/B081FTKGLG/ref=sr_1_243?dchild=1&keywords=ps4&qid=1611995934&sr=8-243
Sony PlayStation 4 Vertical Stand (PS4 Pro/PS4 D Chassis),$31.61,4.8 out of 5 stars,"1,838",https://www.amazon.com//Sony-PlayStation-Vertical-Stand-Chassis-3/dp/B01LW1577C/ref=sr_1_244?dchild=1&keywords=ps4&qid=1611995934&sr=8-244
ADP-160ER N16-160P1A Power Supply for Sony PS4 Slim CUH-2115,$70.99,5.0 out of 5 stars,9,https://www.amazon.com//ADP-160ER-N16-160P1A-Power-Supply-CUH-2115/dp/B08GFGFHLC/ref=sr_1_245?dchild=1&keywords=ps4&qid=1611995934&sr=8-245
Spyro Reignited Trilogy - PlayStation 4,$19.00,4.8 out of 5 stars,"3,752",https://www.amazon.com//Spyro-Reignited-Trilogy-PlayStation-4/dp/B07BX4CVXG/ref=sr_1_246?dchild=1&keywords=ps4&qid=1611995934&sr=8-246
Mortal Kombat 11 Ultimate (PS4),$55.22,4.3 out of 5 stars,45,https://www.amazon.com//Mortal-Kombat-Ultimate-PS4-playstation-4/dp/B08KVGSXFB/ref=sr_1_247?dchild=1&keywords=ps4&qid=1611995934&sr=8-247
NBA 2K15 - PlayStation 4,$5.99,4.6 out of 5 stars,"1,167",https://www.amazon.com//NBA-2K15-PlayStation-4/dp/B00K1JBLO4/ref=sr_1_248?dchild=1&keywords=ps4&qid=1611995934&sr=8-248
Fifa 21 PS4,$41.89,4.8 out of 5 stars,6,https://www.amazon.com//Fifa-21-PS4-PlayStation-4/dp/B08NZNRZ9J/ref=sr_1_249?dchild=1&keywords=ps4&qid=1611995934&sr=8-249
"GAEMS M155 Full HD 1080P Portable Gaming Monitor for PS5, PS4 , XBOX Series X, XBOX Series S, XBOX One S, XBOX One X, Nintendo Switch, PC (Consoles Not Included)",$199.99,4.2 out of 5 stars,230,https://www.amazon.com//Portable-Gaming-Monitor-Nintendo-Consoles-Included/dp/B07J2YLHJ2/ref=sr_1_250?dchild=1&keywords=ps4&qid=1611995934&sr=8-250
Fortnite Darkfire Bundle (PS4),$49.99,4.3 out of 5 stars,554,https://www.amazon.com//Fortnite-Darkfire-Bundle-PS4-playstation-4/dp/B07XDBVNGX/ref=sr_1_251?dchild=1&keywords=ps4&qid=1611995934&sr=8-251
"Wireless Controller for PS4, Dual Vibration Wireless Gamepad Controller Remote Joystick for Playstation 4",$39.99,3.5 out of 5 stars,149,https://www.amazon.com//Wireless-Controller-Vibration-Joystick-Playstation/dp/B08G2FL4QJ/ref=sr_1_252?dchild=1&keywords=ps4&qid=1611995934&sr=8-252
Minecraft - Bedrock Edition PS4 [video game],$34.50,4.6 out of 5 stars,"1,051",https://www.amazon.com//Minecraft-Bedrock-PS4-playstation-4/dp/B082J3D5HN/ref=sr_1_253?dchild=1&keywords=ps4&qid=1611995934&sr=8-253
PS4 Controller Wireless Bluetooth Gamepad for Sony Playstation 4 with USB Cable Compatible with Windows PC & Android iOS【Upgraded Version】 Gold,$29.99,4.0 out of 5 stars,126,https://www.amazon.com//Controller-Bluetooth-Playstation-Compatible-iOS%E3%80%90Upgraded/dp/B01GCM2NCW/ref=sr_1_254?dchild=1&keywords=ps4&qid=1611995934&sr=8-254
The Outer Worlds Playstation 4,$19.99,4.6 out of 5 stars,"3,154",https://www.amazon.com//Outer-Worlds-Playstation-4/dp/B07SWT3C45/ref=sr_1_255?dchild=1&keywords=ps4&qid=1611995934&sr=8-255
PlayStation 4 Slim 1TB Console - Fortnite Bundle,$569.95,4.8 out of 5 stars,"3,905",https://www.amazon.com//PlayStation-Slim-1TB-Console-Fortnite/dp/B07VJWMQ5T/ref=sr_1_256?dchild=1&keywords=ps4&qid=1611995934&sr=8-256
"Kootek Vertical Stand with Cooling Fan for PS4 Slim / Regular PlayStation 4, Controllers Charging Station with Dual Charger Ports and USB HUB for Console Dualshock 4 Controller ( Not for PS4 Pro )",$16.99,4.2 out of 5 stars,"5,708",https://www.amazon.com//Kootek-PlayStation-Controllers-Dualshock-Controller/dp/B00Y8CQCXA/ref=sr_1_257?dchild=1&keywords=ps4&qid=1611995937&sr=8-257
Need for Speed: Hot Pursuit Remastered - PlayStation 4,$24.99,4.6 out of 5 stars,352,https://www.amazon.com//Need-Speed-Hot-Pursuit-Remastered-PlayStation/dp/B08KJC5Q9P/ref=sr_1_258?dchild=1&keywords=ps4&qid=1611995937&sr=8-258
TURPOW PS4 Controller Wireless Gamepad for Playstation 4/Pro/Slim/PC/Smart TV and Laptop - White,$26.49,4.1 out of 5 stars,8,https://www.amazon.com//TURPOW-Controller-Wireless-Gamepad-Playstation-4/dp/B08DNWMB7D/ref=sr_1_259?dchild=1&keywords=ps4&qid=1611995937&sr=8-259
Star Wars Battlefront II - PlayStation 4,$19.99,4.6 out of 5 stars,"1,905",https://www.amazon.com//Star-Wars-Battlefront-II-PlayStation-4/dp/B06ZXTGFDR/ref=sr_1_260?dchild=1&keywords=ps4&qid=1611995937&sr=8-260
"ANIVIA PS4 Gaming Headset, Wired Stereo Gaming Headphone with Microphone for PC/Xbox one/Smartphone (Red)",$19.99,4.6 out of 5 stars,55,https://www.amazon.com//ANIVIA-Headset-Headphone-Microphone-Smartphone/dp/B08CZ5LC7V/ref=sr_1_261?dchild=1&keywords=ps4&qid=1611995937&sr=8-261
Grand Theft Auto V:  Great White Shark Cash Card - PS4 [Digital Code],$19.99,4.5 out of 5 stars,"1,043",https://www.amazon.com//Grand-Theft-Auto-Great-Digital/dp/B00PYJSSWO/ref=sr_1_262?dchild=1&keywords=ps4&qid=1611995937&sr=8-262
"Sofunii 2pcs Pink Skin for PS4 Controller, Anti-Slip Silicone Case Protector Cover with 4 Cat Claw Thumb Grip Caps, Compatible with PS4 Slim/Pro Controller Wireless/Wired Gamepad",$11.98,4.3 out of 5 stars,32,https://www.amazon.com//Sofunii-Controller-Anti-Slip-Protector-Compatible/dp/B08J3W45DT/ref=sr_1_263?dchild=1&keywords=ps4&qid=1611995937&sr=8-263
Guitar Hero Live with Guitar Controller (PS4),$359.99,4.2 out of 5 stars,504,https://www.amazon.com//ACTIVISION-Guitar-Hero-Live-Controller/dp/B00VTJYXX6/ref=sr_1_264?dchild=1&keywords=ps4&qid=1611995937&sr=8-264
"VANFIT Game System Case Backpack,Travel Game System Carrying Case Storage Bag for Playstation 4 System and Accessories-Fits PS4 - Black",$22.99,3.6 out of 5 stars,4,https://www.amazon.com//Backpack-Carrying-Storage-Playstation-Accessories-Fits-4/dp/B07JQ9NMZG/ref=sr_1_265?dchild=1&keywords=ps4&qid=1611995937&sr=8-265
2 Pack Wireless Controller for PS4 Remote for Sony Playstation 4 Remote Control (Titanium Blue and Rose Gold),$42.99,3.6 out of 5 stars,"2,091",https://www.amazon.com//Wireless-Controller-Playstation-Control-Titanium/dp/B07X926MC1/ref=sr_1_266?dchild=1&keywords=ps4&qid=1611995937&sr=8-266
Clip: Forza Horizon 3 Gameplay,$0.99,3.1 out of 5 stars,3,https://www.amazon.com//Clip-Apostles-Beach/dp/B01N3CDIVC/ref=sr_1_267?dchild=1&keywords=ps4&qid=1611995937&sr=8-267
SnowRunner - PS4 (PS4),N/A,4.6 out of 5 stars,410,https://www.amazon.com//SnowRunner-PS4-PlayStation-4/dp/B08323CQJB/ref=sr_1_268?dchild=1&keywords=ps4&qid=1611995937&sr=8-268
DualShock 4 Wireless Controller for PlayStation 4 - Steel Black,N/A,4.6 out of 5 stars,"5,157",https://www.amazon.com//DualShock-Wireless-Controller-PlayStation-Discontinued-4/dp/B0799CLFYQ/ref=sr_1_269?dchild=1&keywords=ps4&qid=1611995937&sr=8-269
Batman Arkham Collection (Standard Edition) (PS4),$37.70,4.1 out of 5 stars,673,https://www.amazon.com//Batman-Arkham-Collection-Standard-playstation-4/dp/B083PKWKJH/ref=sr_1_270?dchild=1&keywords=ps4&qid=1611995937&sr=8-270
NETGEAR WNCE2001 Universal WiFi Internet Adapter - Manufacturer Refurbished,N/A,4.0 out of 5 stars,905,https://www.amazon.com//NETGEAR-WNCE2001-Universal-Internet-Adapter/dp/B007CO5DZ4/ref=sr_1_271?dchild=1&keywords=ps4&qid=1611995937&sr=8-271
"PlayStation 4 Pro Console with A Dual-Shock Controller and HDMI Cable, Stream 4K Video Capable for up to 4 Players- Jet Black",$629.99,4.5 out of 5 stars,37,https://www.amazon.com//PlayStation-Console-Dual-Shock-Controller-Players/dp/B07L86B12M/ref=sr_1_272?dchild=1&keywords=ps4&qid=1611995937&sr=8-272
Guitar Hero Live for PS4 - German Cover/English Game,$239.95,4.0 out of 5 stars,154,https://www.amazon.com//Guitar-Hero-Live-PS4-Blu-ray-Disc-Gitarren-Controller/dp/B00W1USTWI/ref=sr_1_273?dchild=1&keywords=ps4&qid=1611995940&sr=8-273
NETGEAR WNCE2001 Universal WiFi Internet Adapter - Manufacturer Refurbished,N/A,4.0 out of 5 stars,905,https://www.amazon.com//NETGEAR-WNCE2001-Universal-Internet-Adapter/dp/B007CO5DZ4/ref=sr_1_274?dchild=1&keywords=ps4&qid=1611995940&sr=8-274
PS4 Custom UN-MODDED Controller Exclusive Unique Designs - Multiple Designs Available CUH-ZCT2U (Chrome Blue Fire),N/A,4.5 out of 5 stars,302,https://www.amazon.com//Controller-Exclusive-Illuminating-Thumbsticks-CUH-ZCT2U/dp/B0748WZ74P/ref=sr_1_275?dchild=1&keywords=ps4&qid=1611995940&sr=8-275
LEGO Batman 3: Beyond Gotham - PlayStation 4,$22.90,4.7 out of 5 stars,698,https://www.amazon.com//LEGO-Batman-Beyond-Gotham-PlayStation-4/dp/B00KJ8UPD0/ref=sr_1_276?dchild=1&keywords=ps4&qid=1611995940&sr=8-276
2 Pack Mono Chat Game Gaming Earbuds Earpiece earphones Headphones Headset with Mic Microphones for PS4 Playstation 4,$16.99,4.0 out of 5 stars,"1,149",https://www.amazon.com//MKK-earphones-Headphones-Microphones-Playstation/dp/B01I8YDW1S/ref=sr_1_277?dchild=1&keywords=ps4&qid=1611995940&sr=8-277
Marvel's Avengers: Deluxe Edition - PlayStation 4,$58.38,4.5 out of 5 stars,"1,653",https://www.amazon.com//Marvels-Avengers-Deluxe-PlayStation-4/dp/B084SCW1Y9/ref=sr_1_278?dchild=1&keywords=ps4&qid=1611995940&sr=8-278
Gran Turismo: Sport  - PS4,$17.74,4.5 out of 5 stars,"2,074",https://www.amazon.com//PlayStation-Gran-Turismo-Sport-Ps4-PlayStation4/dp/B00ZG1SVA4/ref=sr_1_279?dchild=1&keywords=ps4&qid=1611995940&sr=8-279
Wasteland 3 - PS4 - PlayStation 4,$29.83,4.5 out of 5 stars,261,https://www.amazon.com//Wasteland-3-PS4-PlayStation-4/dp/B084CJSRB8/ref=sr_1_280?dchild=1&keywords=ps4&qid=1611995940&sr=8-280
Clip: Forza Horizon 3 Gameplay,$0.99,3.1 out of 5 stars,3,https://www.amazon.com//Clip-Apostles-Beach/dp/B01N3CDIVC/ref=sr_1_281?dchild=1&keywords=ps4&qid=1611995940&sr=8-281
LEGO Star Wars: Force Awakens Deluxe Edition - PlayStation 4,$26.95,4.7 out of 5 stars,"1,218",https://www.amazon.com//LEGO-Star-Wars-Awakens-Deluxe-PlayStation/dp/B01BCMBK1W/ref=sr_1_282?dchild=1&keywords=ps4&qid=1611995940&sr=8-282
Fairy Tail - PlayStation 4,N/A,4.6 out of 5 stars,409,https://www.amazon.com//Fairy-Tail-PlayStation-4/dp/B07XKDZXDN/ref=sr_1_283?dchild=1&keywords=ps4&qid=1611995940&sr=8-283
Monster Hunter World: Game Guidе,$2.99,N/A,N/A,https://www.amazon.com//dp/B08VF8JXV2/ref=sr_1_284?dchild=1&keywords=ps4&qid=1611995940&sr=8-284
Power Supply ADP-160FR for Sony PS4 N17-160P1A CUH-2215A CUH-2215B,$70.99,4.0 out of 5 stars,1,https://www.amazon.com//Supply-ADP-160FR-N17-160P1A-CUH-2215A-CUH-2215B/dp/B08FC97MKS/ref=sr_1_285?dchild=1&keywords=ps4&qid=1611995940&sr=8-285
Fairy Tail (PS4),$69.99,4.7 out of 5 stars,170,https://www.amazon.com//Fairy-Tail-PS4-playstation-4/dp/B07Z5KTB2R/ref=sr_1_286?dchild=1&keywords=ps4&qid=1611995940&sr=8-286
DEATH STRANDING - PS4,$29.85,4.4 out of 5 stars,"1,671",https://www.amazon.com//Death-Stranding-PS4-PlayStation-4/dp/B01H1OOU8K/ref=sr_1_287?dchild=1&keywords=ps4&qid=1611995940&sr=8-287
"Wireless Controller for PS4 - Remote Joystick for Sony Playstation 4 with Charging Cable and Double Shock (Gray Camouflage,2019 New)",$27.99,3.7 out of 5 stars,"1,764",https://www.amazon.com//Wireless-Controller-PS4-Playstation-Camouflage/dp/B07XCVJHS2/ref=sr_1_288?dchild=1&keywords=ps4&qid=1611995940&sr=8-288
FIFA 21 - 12000 FUT Points - PS4 [Digital Code],$99.99,3.7 out of 5 stars,22,https://www.amazon.com//FIFA-21-12000-Points-Digital/dp/B08J27JV17/ref=sr_1_289?dchild=1&keywords=ps4&qid=1611995942&sr=8-289
Doom: Eternal (PS4),$26.99,4.7 out of 5 stars,771,https://www.amazon.com//Doom-Eternal-PS4-PlayStation-4/dp/B07DKKCF8Y/ref=sr_1_290?dchild=1&keywords=ps4&qid=1611995942&sr=8-290
Sony Interactive Entertainment EA Sports FIFA 21 Dualshock4 Wireless Controller Bundle - PlayStation 4,$84.25,4.7 out of 5 stars,13,https://www.amazon.com//Interactive-Entertainment-Sports-Dualshock4-Wireless-Controller/dp/B08HWGBNLJ/ref=sr_1_291?dchild=1&keywords=ps4&qid=1611995942&sr=8-291
"Bonadget Wireless Controller for Playstation 4,Professional PS4 Gamepad with Built-in Speaker/Multi-Touch Clickable Touch Pad for PS4 PC Windows iPhone Android-White",$26.99,4.1 out of 5 stars,42,https://www.amazon.com//Bonadget-Playstation-Professional-Multi-Touch-Android-White/dp/B08DNXTZWB/ref=sr_1_292?dchild=1&keywords=ps4&qid=1611995942&sr=8-292
Subnautica - PlayStation 4,$23.43,4.6 out of 5 stars,"2,149",https://www.amazon.com//Subnautica-PlayStation-4/dp/B07FF4X2RT/ref=sr_1_293?dchild=1&keywords=ps4&qid=1611995942&sr=8-293
Madden NFL 21 – PlayStation 4 & PlayStation 5,$29.99,4.7 out of 5 stars,"6,694",https://www.amazon.com//Madden-NFL-21-PlayStation-4/dp/B089DFJJGR/ref=sr_1_294?dchild=1&keywords=ps4&qid=1611995942&sr=8-294
PlayStation VR - Mega Blood + Truth Everybodys Golf Bundle,$490.00,4.7 out of 5 stars,"2,251",https://www.amazon.com//PlayStation-VR-Blood-Everybodys-Bundle/dp/B07R4XM477/ref=sr_1_295?dchild=1&keywords=ps4&qid=1611995942&sr=8-295
Call of Duty WWII - Playstation 4 (PS4),$32.50,4.7 out of 5 stars,321,https://www.amazon.com//Call-Duty-WWII-Playstation-4-PS4/dp/B072LRCV5T/ref=sr_1_296?dchild=1&keywords=ps4&qid=1611995942&sr=8-296
UniKeep High Capacity PlayStation Themed Disc Storage Case - Holds 80 Discs,$22.99,4.5 out of 5 stars,93,https://www.amazon.com//UniKeep-Capacity-PlayStation-Themed-Storage-4/dp/B07QNYXW3V/ref=sr_1_297?dchild=1&keywords=ps4&qid=1611995942&sr=8-297
The Last of Us Part II - PlayStation 4,$29.83,4.7 out of 5 stars,"15,609",https://www.amazon.com//Last-Us-Part-II-PlayStation-4/dp/B07DJRFSDF/ref=sr_1_298?dchild=1&keywords=ps4&qid=1611995942&sr=8-298
"AimControllers PS4 Custom Wireless Controller, Playstation 4 Personalized Gamepad with 4 Paddles - Camo Color",$139.00,4.1 out of 5 stars,39,https://www.amazon.com//DualShock-Wireless-Controller-AiMControllers-Paddles/dp/B01KH3N0P6/ref=sr_1_299?dchild=1&keywords=ps4&qid=1611995942&sr=8-299
Crash™ Team Racing Nitro-Fueled (PS4),$33.90,4.7 out of 5 stars,"3,637",https://www.amazon.com//CrashTM-Team-Racing-Nitro-Fueled-playstation-4/dp/B07L4F8LJW/ref=sr_1_300?dchild=1&keywords=ps4&qid=1611995942&sr=8-300
"Internal Cooling Fan Replacement for SONY Playstation 4 PS4 CUH-1000 CUH-1100 CUH-10XXA CUH-11XXA CUH-1115A 500GB , KSB0912HE DC12V",N/A,4.4 out of 5 stars,143,https://www.amazon.com//Replacement-Playstation-CUH-10XXA-CUH-11XXA-CUH-1115A-4/dp/B083P86BVM/ref=sr_1_301?dchild=1&keywords=ps4&qid=1611995942&sr=8-301
PlayStation VR Mega Pack (PS4),$749.28,4.2 out of 5 stars,"1,332",https://www.amazon.com//PlayStation-VR-Mega-Pack-PS4/dp/B07XYCQX58/ref=sr_1_302?dchild=1&keywords=ps4&qid=1611995942&sr=8-302
DualShock 4 Wireless Controller for PlayStation 4 - Berry Blue,N/A,4.6 out of 5 stars,"4,106",https://www.amazon.com//DualShock-Wireless-Controller-PlayStation-Berry-4/dp/B07GQ6R2LR/ref=sr_1_303?dchild=1&keywords=ps4&qid=1611995942&sr=8-303
PlayStation 4 Slim 1TB Console - Only On PlayStation Bundle,$450.00,4.8 out of 5 stars,"7,669",https://www.amazon.com//PlayStation-Slim-1TB-Console-Bundle-4/dp/B07YLDNTKB/ref=sr_1_304?dchild=1&keywords=ps4&qid=1611995942&sr=8-304
"Thrustmaster T.Flight Hotas 4 Flight Stick (PS4, XBOX Series X/S, One, PC)",N/A,4.4 out of 5 stars,"2,001",https://www.amazon.com//Thrustmaster-T-Flight-Hotas-Flight-playstation-4/dp/B015PJ68BK/ref=sr_1_305?dchild=1&keywords=ps4&qid=1611995944&sr=8-305
The Dark Pictures: Little Hope - PlayStation 4,$20.83,4.6 out of 5 stars,853,https://www.amazon.com//Dark-Pictures-Little-Hope-PlayStation-4/dp/B08746VVF1/ref=sr_1_306?dchild=1&keywords=ps4&qid=1611995944&sr=8-306
